id,drill_name,age_range,ai_coaching_notes,channel,common_flaws_fixed,competition_level,created_at,created_by_coach_id,description,difficulty_level,duration,equipment_needed,est_duration_minutes,frequency_guidance,indoor_outdoor,max_age,mechanic_focus,min_age,primary_skill,progression_level,reps_guidance,requires_partner,safety_notes,secondary_skill,skill_category,source,space_required,status,success_markers,tags,thumbnail_url,updated_at,url_verified_at,youtube_start_seconds,youtube_url,youtube_video_id,_joined_problem_count,_joined_problem_curated,_joined_problem_labels,_joined_problem_slugs
874e0c3a-14d6-4edd-beed-e943c1373d6d,High Tee Drill,9-12,Cue: athletic posture + keep hands above ball; match bat path to pitch plane.,Dominate The Diamond,Dropping hands / under balls,both,2026-02-23T03:28:42.651266+00:00,,Helps hitters work on high pitch posture and flatter bat path. Great for players who drop their hands and get under every ball.,Intermediate,,bat | tee | balls,,,Indoor/Outdoor,12,tee work | high pitches | posture,9,Hitting,3,,false,,tee work,Hitting,,Small,approved,,tee work | high pitches | posture | swing plane,https://img.youtube.com/vi/iKX-qxQ1X5g/hqdefault.jpg,2026-02-23T03:28:42.651266+00:00,,,https://www.youtube.com/watch?v=iKX-qxQ1X5g,iKX-qxQ1X5g,0,,,
5abc9df7-d4ad-40d3-b95e-2eb275e82710,PVC Posture Drill,9-12,Cue: athletic posture + keep hands above ball; match bat path to pitch plane.,Hitting Done Right,,both,2026-02-23T03:28:42.651266+00:00,,Uses PVC pipe to help players feel proper posture and shoulder tilt for various pitch locations.,Intermediate,,bat | PVC pipe,,,Indoor/Outdoor,12,posture | shoulder tilt | PVC drill,9,Hitting,3,,false,,posture,Hitting,,Small,approved,,posture | shoulder tilt | PVC drill | mechanics,https://img.youtube.com/vi/p7B12g_o4pQ/hqdefault.jpg,2026-02-23T03:28:42.651266+00:00,,,https://www.youtube.com/watch?v=p7B12g_o4pQ,p7B12g_o4pQ,0,,,
31af2888-b541-479e-8a0f-78bcb528ea17,Load to Launch Drill,9-12,Cue: athletic posture + keep hands above ball; match bat path to pitch plane.,Hitting Done Right,,both,2026-02-23T03:28:42.651266+00:00,,Essential drill for teaching the transition from load to launch position. Critical for power and timing.,Intermediate,,bat,,,Indoor/Outdoor,12,load | launch | lower half,9,Hitting,3,,false,,load,Hitting,,Small,approved,,load | launch | lower half | hip load,https://img.youtube.com/vi/8t_2jHXCdaI/hqdefault.jpg,2026-02-23T03:28:42.651266+00:00,,,https://www.youtube.com/watch?v=8t_2jHXCdaI,8t_2jHXCdaI,0,,,
f1bf25fb-0167-4b61-b196-675b2ba14280,Don't Dump the Barrel,9-12,Cue: athletic posture + keep hands above ball; match bat path to pitch plane.,Hitting Done Right,Dumping barrel / dragging elbow,both,2026-02-23T03:28:42.651266+00:00,,For players who dump the barrel below their hands early or have dragging back elbow issues.,Intermediate,,bat,,,Indoor/Outdoor,12,barrel control | elbow position | swing path,9,Hitting,3,,false,,barrel control,Hitting,,Small,approved,,barrel control | elbow position | swing path,https://img.youtube.com/vi/CfnTD3DyEM0/hqdefault.jpg,2026-02-23T03:28:42.651266+00:00,,,https://www.youtube.com/watch?v=CfnTD3DyEM0,CfnTD3DyEM0,0,,,
0997fc64-a8e8-44b1-995c-3aa1e0291a99,Baby Steps - Hip Load,6-10,Cue: athletic posture + keep hands above ball; match bat path to pitch plane.,Hitting Done Right,,both,2026-02-23T03:28:42.651266+00:00,,Progressive drill for teaching young hitters how to load their hips properly.,Beginner,,bat,,,Indoor/Outdoor,10,hip load | lower half | beginner,6,Hitting,2,,false,,hip load,Hitting,,Small,approved,,hip load | lower half | beginner | progression,https://img.youtube.com/vi/Sx-nSeUhACM/hqdefault.jpg,2026-02-23T03:28:42.651266+00:00,,,https://www.youtube.com/watch?v=Sx-nSeUhACM,Sx-nSeUhACM,0,,,
ba7e4b8c-ad36-45bd-9b63-b7b354b9d43d,Freeze at Extension Drill,6-12,Cue: athletic posture + keep hands above ball; match bat path to pitch plane.,Dominate The Diamond,,both,2026-02-23T03:28:42.651266+00:00,,Players freeze at extension to feel proper follow-through and extension position.,Intermediate,,bat,,,Indoor/Outdoor,12,extension | finish | mechanics,6,Hitting,3,,false,,extension,Hitting,,Small,approved,,extension | finish | mechanics | follow-through,https://img.youtube.com/vi/NEfaNRgWJdU/hqdefault.jpg,2026-02-23T03:28:42.651266+00:00,,,https://www.youtube.com/watch?v=NEfaNRgWJdU,NEfaNRgWJdU,0,,,
731d15d2-5e07-4a45-abb4-96163738905e,How to Soft Toss,6-12,Coach: start slow; emphasize eyes/head still; quality reps > volume.,Dominate The Diamond,,both,2026-02-23T03:28:42.651266+00:00,,Proper technique for soft toss from the side. Great for warm-ups and working on timing.,Intermediate,,bat | balls,,,Indoor/Outdoor,12,soft toss | warm-up | side toss,6,Soft Toss,3,,true,,soft toss,Soft Toss,,Small,approved,,soft toss | warm-up | side toss | timing,https://img.youtube.com/vi/rV3EQ5tHcNE/hqdefault.jpg,2026-02-23T03:28:42.651266+00:00,,,https://www.youtube.com/watch?v=rV3EQ5tHcNE,rV3EQ5tHcNE,1,late-timing:auto:100,Late / poor timing,late-timing
4cd55f36-4ac8-447a-9633-936c9b1f6c22,Ripken Soft Toss Drill,6-12,Coach: start slow; emphasize eyes/head still; quality reps > volume.,Ripken Baseball,,both,2026-02-23T03:28:42.651266+00:00,,Bill Ripken demonstrates how to eliminate the lower half in soft toss to focus on hands and bat path.,Intermediate,,bat | balls,,,Indoor/Outdoor,12,soft toss | quick hands | Ripken method,6,Soft Toss,3,,true,,soft toss,Soft Toss,,Small,approved,,soft toss | quick hands | Ripken method | fundamentals,https://img.youtube.com/vi/TZ9CQUmPjn8/hqdefault.jpg,2026-02-23T03:28:42.651266+00:00,,,https://www.youtube.com/watch?v=TZ9CQUmPjn8,TZ9CQUmPjn8,0,,,
fac499f5-7d4b-49b2-a924-55c97a96eeef,Sunflower Seed Soft Toss,6-10,Coach: start slow; emphasize eyes/head still; quality reps > volume.,Coach Pat Ahearne,,both,2026-02-23T03:28:42.651266+00:00,,Fun drill using sunflower seeds instead of balls to develop hand-eye coordination and focus.,Beginner,,bat | balls | sunflower seeds,,,Indoor/Outdoor,10,soft toss | hand-eye coordination | fun drill,6,Soft Toss,2,,true,,soft toss,Soft Toss,,Small,approved,,soft toss | hand-eye coordination | fun drill | seeds,https://img.youtube.com/vi/I5KNd4H_b4Q/hqdefault.jpg,2026-02-23T03:28:42.651266+00:00,,,https://www.youtube.com/watch?v=I5KNd4H_b4Q,I5KNd4H_b4Q,0,,,
1f64a6c2-11bd-40d4-a45d-ae028f83db91,Two Balls Toss Drill,9-12,Coach: start slow; emphasize eyes/head still; quality reps > volume.,Baseball Canada,,both,2026-02-23T03:28:42.651266+00:00,,Advanced soft toss variation using two balls to work on reaction time and decision making.,Advanced,,bat | balls,,,Indoor/Outdoor,12,soft toss | reaction | decision making,9,Soft Toss,4,,true,,soft toss,Soft Toss,,Small,approved,,soft toss | reaction | decision making | advanced,https://img.youtube.com/vi/pOu6Rfnf8og/hqdefault.jpg,2026-02-23T03:28:42.651266+00:00,,,https://www.youtube.com/watch?v=pOu6Rfnf8og,pOu6Rfnf8og,0,,,
a50b19b7-e1ef-48fb-81b0-7cff9a96a0a0,How to Bunt Like a PRO,9-12,Cue: angle barrel to target; catch ball with bat; deaden contact.,Dominate The Diamond,,both,2026-02-23T03:28:42.651266+00:00,,Comprehensive bunting instruction covering proper technique for sacrifice and drag bunts.,Intermediate,,bat,,,Indoor/Outdoor,12,bunting | sacrifice | fundamentals,9,Bunting,3,,false,,bunting,Bunting,,Small,approved,,bunting | sacrifice | fundamentals | technique,https://img.youtube.com/vi/jQ155czytTU/hqdefault.jpg,2026-02-23T03:28:42.651266+00:00,,,https://www.youtube.com/watch?v=jQ155czytTU,jQ155czytTU,0,,,
a648dcab-45b3-4c81-9ed4-f29eaea4323e,Bunting with Lacrosse Stick,9-12,Cue: angle barrel to target; catch ball with bat; deaden contact.,Dominate The Diamond,,both,2026-02-23T03:28:42.651266+00:00,,Uses a lacrosse stick as a target to practice bunting accuracy and bat control.,Intermediate,,bat | lacrosse stick (target),,,Indoor/Outdoor,12,bunting | lacrosse stick | precision,9,Bunting,3,,false,,bunting,Bunting,,Small,approved,,bunting | lacrosse stick | precision | target practice,https://img.youtube.com/vi/YLocEKnieBA/hqdefault.jpg,2026-02-23T03:28:42.651266+00:00,,,https://www.youtube.com/watch?v=YLocEKnieBA,YLocEKnieBA,0,,,
1176adaf-60f6-4dc1-a596-f30773a9c5be,5 Youth Pitching Drills From Your Knees,6-10,Cue: stable head; rotate through hips/torso; finish balanced.,Antonelli Baseball,,both,2026-02-23T03:28:42.651266+00:00,,Five drills done from the knees to build proper throwing foundation for young pitchers.,Beginner,,baseballs | towel/mat (optional),,,Indoor/Outdoor,10,pitching | knee drills | foundation,6,Pitching,2,,true,Warm up first; keep throws age-appropriate; stop if pain.,pitching,Pitching,,Medium,approved,,pitching | knee drills | foundation | mechanics,https://img.youtube.com/vi/Sx15PJz027o/hqdefault.jpg,2026-02-23T03:28:42.651266+00:00,,,https://www.youtube.com/watch?v=Sx15PJz027o,Sx15PJz027o,0,,,
6955e8e1-756d-4f11-a1ca-0675527ebc9e,Indoor Team Pitching Drills,9-12,Cue: stable head; rotate through hips/torso; finish balanced.,Dominate The Diamond,,both,2026-02-23T03:28:42.651266+00:00,,Team-based pitching drills that can be done indoors during bad weather or off-season.,Intermediate,,baseballs,,,Indoor/Outdoor,12,pitching | indoor | team drills,9,Pitching,3,,true,Warm up first; keep throws age-appropriate; stop if pain.,pitching,Pitching,,Medium-large,approved,,pitching | indoor | team drills | winter work,https://img.youtube.com/vi/TPIs68iqZVA/hqdefault.jpg,2026-02-23T03:28:42.651266+00:00,,,https://www.youtube.com/watch?v=TPIs68iqZVA,TPIs68iqZVA,0,,,
9611311a-34f7-444d-a98c-44b689a181b6,Rotational Efficiency Drills,11-12,Cue: stable head; rotate through hips/torso; finish balanced.,Various,,both,2026-02-23T03:28:42.651266+00:00,,Two drills focused on improving rotational efficiency for better velocity and command.,Advanced,,baseballs,,,Indoor/Outdoor,12,pitching | rotation | efficiency,11,Pitching,4,,true,Warm up first; keep throws age-appropriate; stop if pain.,pitching,Pitching,,Medium,approved,,pitching | rotation | efficiency | velocity,https://img.youtube.com/vi/RXvrHLb0OII/hqdefault.jpg,2026-02-23T03:28:42.651266+00:00,,,https://www.youtube.com/watch?v=RXvrHLb0OII,RXvrHLb0OII,0,,,
663dc298-e5f2-4ea8-9d6d-6812e652cf28,Fun Baseball Throwing Drill,6-10,Cue: glove-side target; separate on time; smooth arm circle; good follow-through.,Duke Baxter / Dominate The Diamond,,both,2026-02-23T03:28:42.651266+00:00,,Duke Baxter demonstrates a fun competitive throwing drill that keeps kids engaged while building accuracy.,Beginner,,baseballs,,,Indoor/Outdoor,10,throwing | fun | competition,6,Throwing,2,,true,Warm up first; keep throws age-appropriate; stop if pain.,throwing,Throwing,,Medium,approved,,throwing | fun | competition | accuracy,https://img.youtube.com/vi/cltDRzlLm44/hqdefault.jpg,2026-02-23T03:28:42.651266+00:00,,,https://www.youtube.com/watch?v=cltDRzlLm44,cltDRzlLm44,0,,,
4e1975e2-eb6b-49a8-9d29-0b9d0afd2f68,Simple Throwing Progressions,6-10,Cue: glove-side target; separate on time; smooth arm circle; good follow-through.,Various,,both,2026-02-23T03:28:42.651266+00:00,,Step-by-step throwing progressions for youth players. Stop over-complicating throwing mechanics.,Beginner,,baseballs,,,Indoor/Outdoor,10,throwing | progressions | basics,6,Throwing,2,,true,Warm up first; keep throws age-appropriate; stop if pain.,throwing,Throwing,,Medium,approved,,throwing | progressions | basics | youth,https://img.youtube.com/vi/LtzwCrthlTY/hqdefault.jpg,2026-02-23T03:28:42.651266+00:00,,,https://www.youtube.com/watch?v=LtzwCrthlTY,LtzwCrthlTY,0,,,
2ac95ee1-db4f-4ab1-b2ec-569a5419b6ef,Second Baseman Flip/Throw Combo,9-12,Cue: glove-side target; separate on time; smooth arm circle; good follow-through.,Duke Baxter / Dominate The Diamond,,both,2026-02-23T03:28:42.651266+00:00,,Duke Baxter demonstrates the flip and throw combination for middle infielders.,Intermediate,,baseballs,,,Indoor/Outdoor,12,throwing | middle infield | flip,9,Throwing,3,,true,Warm up first; keep throws age-appropriate; stop if pain.,throwing,Throwing,,Medium,approved,,throwing | middle infield | flip | double play,https://img.youtube.com/vi/6QIt-cYXL4s/hqdefault.jpg,2026-02-23T03:28:42.651266+00:00,,,https://www.youtube.com/watch?v=6QIt-cYXL4s,6QIt-cYXL4s,0,,,
4c68b693-a617-4827-a732-653c2a64a27d,The Flamingo Drill,6-10,"Cue: low hips, quiet head; field out front; quick exchange.",icoachbaseball,,both,2026-02-23T03:28:42.651266+00:00,,Best drill for learning infield fielding position. Players balance on one leg (flamingo) to feel proper posture.,Beginner,,glove | balls,,,Outdoor,10,infield | balance | fielding position,6,Fielding (Infield),2,,false,,infield,Fielding (Infield),,Medium,approved,,infield | balance | fielding position | beginner,https://img.youtube.com/vi/moFsNt7cOig/hqdefault.jpg,2026-02-23T03:28:42.651266+00:00,,,https://www.youtube.com/shorts/moFsNt7cOig,moFsNt7cOig,0,,,
6f1ef230-3f1a-4bcd-a969-87be5cdc65ed,Youth Infield Drill (Practice Anywhere),6-10,"Cue: low hips, quiet head; field out front; quick exchange.",icoachbaseball,,both,2026-02-23T03:28:42.651266+00:00,,Youth players learn posture and footwork. Can be done anywhere with minimal equipment.,Beginner,,glove | balls,,,Indoor/Outdoor,10,infield | posture | footwork,6,Fielding (Infield),2,,false,,infield,Fielding (Infield),,Medium,approved,,infield | posture | footwork | anywhere drill,https://img.youtube.com/vi/zp0hdAmWwZw/hqdefault.jpg,2026-02-23T03:28:42.651266+00:00,,,https://www.youtube.com/shorts/zp0hdAmWwZw,zp0hdAmWwZw,0,,,
6103f317-ff80-4422-a86a-e83d9e15d80b,How to Bunt - Youth Skills,6-10,Cue: angle barrel to target; catch ball with bat; deaden contact.,Dominate The Diamond,,both,2026-02-23T03:28:42.651266+00:00,,Youth-focused bunting fundamentals with Coach Hart. Perfect for introducing bunting to young players.,Beginner,,bat,,2x/week,Indoor/Outdoor,10,bunting | basics | beginner,6,Bunting,2,3 sets of 8 bunts (sacrifice + for a hit),false,,bunting,Bunting,,Small,approved,"Squares up on time, catches the ball with the bat, and consistently deadens it into fair territory.",bunting | basics | beginner | Coach Hart,https://img.youtube.com/vi/jw2edYj5Pk4/hqdefault.jpg,2026-02-23T03:28:42.651266+00:00,,,https://www.youtube.com/watch?v=jw2edYj5Pk4,jw2edYj5Pk4,1,cant-bunt:curated:1,Can't get a bunt down,cant-bunt
b3534518-f0df-4f30-8378-0b7d084e5fb9,Infield Throwing Drill,9-12,"Cue: low hips, quiet head; field out front; quick exchange.",icoachbaseball,Slow transfer,both,2026-02-23T03:28:42.651266+00:00,,Combines fielding and throwing mechanics for infielders. Focus on clean transfer and footwork.,Intermediate,,glove | balls,,,Outdoor,12,infield | throwing | footwork,9,Fielding (Infield),3,,false,,infield,Fielding (Infield),,Medium,approved,,infield | throwing | footwork | transfer,https://img.youtube.com/vi/98cZlSjRkw8/hqdefault.jpg,2026-02-23T03:28:42.651266+00:00,,,https://www.youtube.com/shorts/98cZlSjRkw8,98cZlSjRkw8,1,slow-transfer:auto:100,Slow transfer / exchange,slow-transfer
adf1d78d-fbe5-417c-a2d0-5860e555b356,The Best Youth Infield Drill,9-12,"Cue: low hips, quiet head; field out front; quick exchange.",icoachbaseball,,both,2026-02-23T03:28:42.651266+00:00,,Team drill that gets constant reps on the most important infield fundamentals.,Intermediate,,glove | balls,,,Outdoor,12,infield | team drill | reps,9,Fielding (Infield),3,,true,,infield,Fielding (Infield),,Medium-large,approved,,infield | team drill | reps | fundamentals,https://img.youtube.com/vi/acYqNE9jRXI/hqdefault.jpg,2026-02-23T03:28:42.651266+00:00,,,https://www.youtube.com/shorts/acYqNE9jRXI,acYqNE9jRXI,0,,,
0833de14-902c-408a-a3a9-a8c4df28c4f1,Cross-Shuffle Drill,9-12,"Cue: low hips, quiet head; field out front; quick exchange.",icoachbaseball,,both,2026-02-23T03:28:42.651266+00:00,,Players learn to communicate while working on shuffle footwork and fielding mechanics.,Intermediate,,glove | balls,,,Outdoor,12,infield | shuffle | footwork,9,Fielding (Infield),3,,true,,infield,Fielding (Infield),,Medium,approved,,infield | shuffle | footwork | communication,https://img.youtube.com/vi/Rlfpp7_DBmQ/hqdefault.jpg,2026-02-23T03:28:42.651266+00:00,,,https://www.youtube.com/shorts/Rlfpp7_DBmQ,Rlfpp7_DBmQ,0,,,
c345c3a1-bda3-43f7-b6f3-16e77432ab83,Figure Eight Infield Drill,9-12,"Cue: low hips, quiet head; field out front; quick exchange.",Coach Steinman,,both,2026-02-23T03:28:42.651266+00:00,,Coach Steinman demonstrates a figure eight pattern drill for infield range and footwork.,Intermediate,,glove | balls,,,Outdoor,12,infield | footwork | figure eight,9,Fielding (Infield),3,,false,,infield,Fielding (Infield),,Medium,approved,,infield | footwork | figure eight | range,https://img.youtube.com/vi/hMdoQ94UxCE/hqdefault.jpg,2026-02-23T03:28:42.651266+00:00,,,https://www.youtube.com/watch?v=hMdoQ94UxCE,hMdoQ94UxCE,0,,,
270f1772-259d-4a05-8376-6b993d20137b,Three Drill Progression,9-12,"Cue: low hips, quiet head; field out front; quick exchange.",Coach Steinman,,both,2026-02-23T03:28:42.651266+00:00,,Three separate simple drills in progression for infield skill development.,Intermediate,,glove | balls,,,Outdoor,12,infield | progression | glove work,9,Fielding (Infield),3,,false,,infield,Fielding (Infield),,Medium,approved,,infield | progression | glove work | fundamentals,https://img.youtube.com/vi/Ey7Yr_zDgSI/hqdefault.jpg,2026-02-23T03:28:42.651266+00:00,,,https://www.youtube.com/watch?v=Ey7Yr_zDgSI,Ey7Yr_zDgSI,0,,,
fbbe6484-8b9d-486b-839e-23114e600c77,Groundball Transfer Catch,6-12,"Cue: low hips, quiet head; field out front; quick exchange.",Various,Slow transfer,both,2026-02-23T03:28:42.651266+00:00,,Partner drill focusing on clean groundball fielding and quick transfer to throwing hand.,Intermediate,,glove | balls,,,Outdoor,12,infield | transfer | catching,6,Fielding (Infield),3,,true,,infield,Fielding (Infield),,Medium,approved,,infield | transfer | catching | partner drill,,2026-02-23T03:28:42.651266+00:00,,,https://www.youtube.com/playlist?list=PLef59HAX75_F3tYMHqkSuUtJ2tjPV9gMH,,1,slow-transfer:auto:100,Slow transfer / exchange,slow-transfer
6517d249-a27d-41af-a86e-72bb8187c28b,The Cone Drill,6-12,"Cue: low hips, quiet head; field out front; quick exchange.",Duke Baxter,,both,2026-02-23T03:28:42.651266+00:00,,Duke Baxter's cone drill for teaching proper approach angles on ground balls.,Intermediate,,cones | glove | balls,,,Outdoor,12,infield | cones | angles,6,Fielding (Infield),3,,false,,infield,Fielding (Infield),,Medium,approved,,infield | cones | angles | approach,https://img.youtube.com/vi/Uj5lw17XvuI/hqdefault.jpg,2026-02-23T03:28:42.651266+00:00,,,https://www.youtube.com/watch?v=Uj5lw17XvuI,Uj5lw17XvuI,0,,,
79c17c8e-3331-4930-a729-a0d18196cf73,3 Great Drills for Teaching Fly Balls,6-10,Cue: first step back; get under ball; use two hands; call it early.,Dominate The Diamond,,both,2026-02-23T03:28:42.651266+00:00,,Three progressive drills to help youth players learn to catch fly balls in the infield or outfield.,Beginner,,glove | balls,,,Outdoor,10,fly balls | outfield | progression,6,Fielding (Fly Balls),2,,false,Clear communication; watch for collisions.,fly balls,Fielding (Fly Balls),,Outfield/large,approved,,fly balls | outfield | progression | beginner,https://img.youtube.com/vi/Lnfgd_ld_CM/hqdefault.jpg,2026-02-23T03:28:42.651266+00:00,,,https://www.youtube.com/watch?v=Lnfgd_ld_CM,Lnfgd_ld_CM,0,,,
6594d761-ce0b-4f2b-b72f-1f19fdb6574c,How to Catch a Fly Ball With Confidence,6-12,Cue: first step back; get under ball; use two hands; call it early.,Various,,both,2026-02-23T03:28:42.651266+00:00,,Simple progressions to learning and becoming more comfortable with catching fly balls.,Intermediate,,glove | balls,,,Outdoor,12,fly balls | confidence | technique,6,Fielding (Fly Balls),3,,false,Clear communication; watch for collisions.,fly balls,Fielding (Fly Balls),,Outfield/large,approved,,fly balls | confidence | technique | outfield,https://img.youtube.com/vi/e_8zNKXz_FQ/hqdefault.jpg,2026-02-23T03:28:42.651266+00:00,,,https://www.youtube.com/watch?v=e_8zNKXz_FQ,e_8zNKXz_FQ,0,,,
8f9473e4-ff47-41cd-96b1-756aa76a3379,2 Outfield Drills for Fly Balls,9-12,Cue: first step back; get under ball; use two hands; call it early.,MegRem Softball (applicable to baseball),,both,2026-02-23T03:28:42.651266+00:00,,Two specific drills to work on catching fly balls for youth outfield players.,Intermediate,,glove | balls,,,Outdoor,12,fly balls | outfield | drops,9,Fielding (Fly Balls),3,,false,Clear communication; watch for collisions.,fly balls,Fielding (Fly Balls),,Outfield/large,approved,,fly balls | outfield | drops | confidence,https://img.youtube.com/vi/sDhB2fAoQsA/hqdefault.jpg,2026-02-23T03:28:42.651266+00:00,,,https://www.youtube.com/watch?v=sDhB2fAoQsA,sDhB2fAoQsA,0,,,
fe94a671-1d24-40fe-9771-4c7f5f708c14,Soft Toss,6-12,Watch the ball from the tosser's hand. Stay balanced and drive through.,Ripken Baseball,poor timing | inconsistent contact,both,2026-02-23T03:42:23.282295+00:00,,Partner tosses balls from the side for hitting practice.,Beginner,,Baseballs | bat | net,,,Both,12,timing | tracking | contact,6,hitting,,,true,,,Hitting,,Medium,approved,,,https://img.youtube.com/vi/O7FHkj4EUpY/hqdefault.jpg,2026-02-23T03:42:23.282295+00:00,,,https://www.youtube.com/watch?v=O7FHkj4EUpY,O7FHkj4EUpY,2,inconsistent-contact:auto:100 | late-timing:auto:100,Inconsistent / weak contact | Late / poor timing,inconsistent-contact | late-timing
29276b7a-fd04-45ff-825d-1d715d384908,Fly Ball Drill with Cones,9-12,Cue: first step back; get under ball; use two hands; call it early.,Dominate The Diamond,,both,2026-02-23T03:28:42.651266+00:00,,Uses cones to teach proper positioning and angles for catching fly balls.,Intermediate,,cones | glove | balls,,,Outdoor,12,fly balls | cones | angles,9,Fielding (Fly Balls),3,,false,Clear communication; watch for collisions.,fly balls,Fielding (Fly Balls),,Outfield/large,approved,,fly balls | cones | angles | positioning,https://img.youtube.com/vi/yiG7Lm-Vv28/hqdefault.jpg,2026-02-23T03:28:42.651266+00:00,,,https://www.youtube.com/watch?v=yiG7Lm-Vv28,yiG7Lm-Vv28,0,,,
babe5481-655c-4c2e-9985-2465937c1067,Blocking the Right Way — Technique to Reaction Reps,9-14,"Start with placed balls (no throw) to groove the shape, then rolled balls, then short-hop throws. Cue 'round your shoulders, chin down, deaden it in front.' Left/right blocks push off the opposite foot.",YouGoProBaseball,balls in the dirt get past | picks instead of blocks | poor blocking,both,2026-08-04T15:36:04.815116+00:00,,"Correct blocking technique — knees replace the feet, chin tucks, chest angles the ball back toward the plate — built from stationary blocks into reaction reps to either side.",Intermediate,,catcher's gear | soft training balls | baseballs,,2x/week,Indoor/Outdoor,14,knee drop | chin tuck | chest angle | lateral blocks,9,Blocking,3,"3 sets of 8 blocks (middle, glove-side, arm-side)",true,Full catcher's gear required for every blocking rep. Use soft training balls when learning; progress to baseballs only once form is consistent.,Receiving,Catching,ai_expansion_008,Small,approved,Ball dies within a 6-foot circle in front of the plate | Chin stays tucked — no flinch | Body beats the ball to the spot on lateral blocks,catcher | blocking | balls in the dirt,https://img.youtube.com/vi/eQCF2jZiU5M/hqdefault.jpg,2026-08-04T15:36:04.815116+00:00,2026-08-06T18:39:22.410256+00:00,,https://www.youtube.com/watch?v=eQCF2jZiU5M,eQCF2jZiU5M,1,catcher-blocking:curated:2,Won't block balls in the dirt,catcher-blocking
41594e0a-9e09-44f9-96f5-5b4ef955afab,Catching For Beginners (Jingle),6-8,"Cue: thumbs together above waist, pinkies together below; 'give' with hands.",Coach Ballgame,,both,2026-02-23T03:28:42.651266+00:00,,Coach Ballgame's memorable jingle to help young players remember proper catching technique.,Beginner,,,,,Indoor/Outdoor,8,catching | beginner | jingle,6,Catching,2,,true,,catching,Catching,,Small,approved,,catching | beginner | jingle | fun,https://img.youtube.com/vi/XySDLIYnuyw/hqdefault.jpg,2026-02-23T03:28:42.651266+00:00,,,https://www.youtube.com/shorts/XySDLIYnuyw,XySDLIYnuyw,0,,,
1be09ab8-a1a3-45ca-945b-b7b26585c379,Top 5 Catching Drills for 8U,6-8,"Cue: thumbs together above waist, pinkies together below; 'give' with hands.",Coach Bougie,,both,2026-02-23T03:28:42.651266+00:00,,Coach Bougie's top 5 catching drills specifically designed for 8U catchers.,Beginner,,,,,Indoor/Outdoor,8,catching | 8U | top 5,6,Catching,2,,true,,catching,Catching,,Small,approved,,catching | 8U | top 5 | comprehensive,https://img.youtube.com/vi/3QfepqKCWFo/hqdefault.jpg,2026-02-23T03:28:42.651266+00:00,,,https://www.youtube.com/watch?v=3QfepqKCWFo,3QfepqKCWFo,0,,,
e709ba50-5004-4e9c-a2b6-3abffa809e78,Youth Baseball Catching Drills,9-12,"Cue: thumbs together above waist, pinkies together below; 'give' with hands.",Antonelli Baseball,,both,2026-02-23T03:28:42.651266+00:00,,Comprehensive catching instruction covering receiving blocking and throwing fundamentals.,Intermediate,,,,,Indoor/Outdoor,12,catching | fundamentals | receiving,9,Catching,3,,true,,catching,Catching,,Small,approved,,catching | fundamentals | receiving | blocking,https://img.youtube.com/vi/AeJ3RvgTgvM/hqdefault.jpg,2026-02-23T03:28:42.651266+00:00,,,https://www.youtube.com/watch?v=AeJ3RvgTgvM,AeJ3RvgTgvM,0,,,
23a37283-c85e-4564-a48a-eaad8a691f78,How to Add Base Running Into Practice,6-12,Cue: explosive first 3 steps; efficient turns; eyes on coach.,Coach Lou Colon,,both,2026-02-23T03:28:42.651266+00:00,,Coach Lou Colon shows how to incorporate baserunning into regular practice routines.,Intermediate,,bases/markers | stopwatch (optional),,,Outdoor,12,baserunning | practice | youth,6,Baserunning,3,,false,,baserunning,Baserunning,,Full field,approved,,baserunning | practice | youth | fundamentals,https://img.youtube.com/vi/Hk9-ofX19Ig/hqdefault.jpg,2026-02-23T03:28:42.651266+00:00,,,https://www.youtube.com/watch?v=Hk9-ofX19Ig,Hk9-ofX19Ig,0,,,
ecf4c61b-0b8b-49bd-bbe5-697d42991d79,Base Running Circuit,9-12,Cue: explosive first 3 steps; efficient turns; eyes on coach.,Coach's Clinic,,both,2026-02-23T03:28:42.651266+00:00,,Team circuit drill for baserunning skills and conditioning.,Intermediate,,bases/markers | stopwatch (optional),,,Outdoor,12,baserunning | circuit | conditioning,9,Baserunning,3,,true,,baserunning,Baserunning,,Full field,approved,,baserunning | circuit | conditioning | team drill,https://img.youtube.com/vi/5hYYRufn40s/hqdefault.jpg,2026-02-23T03:28:42.651266+00:00,,,https://www.youtube.com/watch?v=5hYYRufn40s,5hYYRufn40s,0,,,
b2de2724-cd95-417e-ad7a-d6df5e55b34d,Fastest Technique Running Out of the Box,9-12,Cue: explosive first 3 steps; efficient turns; eyes on coach.,Coach Lou Colon,,both,2026-02-23T03:28:42.651266+00:00,,Coach Lou Colon teaches the fastest technique for running out of the batter's box.,Intermediate,,bases/markers | stopwatch (optional),,,Outdoor,12,baserunning | home to first | speed,9,Baserunning,3,,false,,baserunning,Baserunning,,Full field,approved,,baserunning | home to first | speed | technique,https://img.youtube.com/vi/tduq0roBxl0/hqdefault.jpg,2026-02-23T03:28:42.651266+00:00,,,https://www.youtube.com/watch?v=tduq0roBxl0,tduq0roBxl0,0,,,
a9b479c8-a255-4886-b35f-02986820de03,Skills and Drills for Baserunning,6-12,Cue: explosive first 3 steps; efficient turns; eyes on coach.,Schupak Sports,,both,2026-02-23T03:28:42.651266+00:00,,Comprehensive baserunning instruction covering leads reading pitchers and sliding.,Intermediate,,bases/markers | stopwatch (optional),,,Outdoor,12,baserunning | comprehensive | leads,6,Baserunning,3,,false,,baserunning,Baserunning,,Full field,approved,,baserunning | comprehensive | leads | slides,https://img.youtube.com/vi/k7OgmDDosck/hqdefault.jpg,2026-02-23T03:28:42.651266+00:00,,,https://www.youtube.com/watch?v=k7OgmDDosck,k7OgmDDosck,0,,,
abd7b4c8-d0a6-4ae5-ba4d-81b816da87c0,7 Best Youth Baseball Hitting Drills,6-12,"Start in an athletic position with knees slightly bent. Stride and pause — make sure you feel balanced before swinging. Keep your eyes on the ball all the way through contact. Drive through the ball, don't just hit it.",YouGoProBaseball,poor balance | casting | uppercutting | disconnected swing,both,2026-02-23T03:29:20.093053+00:00,,"A comprehensive 7-drill progression for youth hitters covering fundamentals from stance setup through hand-eye coordination. Includes Stance Drill, Stride Pause to Stride Swing, PVC Drill for swing axis feedback, Heavy Ball Drill, and Mini Wiffle Ball Drills with a skinny bat.",Beginner,,Batting tee | Bat | Baseballs | PVC pipe | Heavy training balls | Mini wiffle balls,,,Both,12,stance | stride | balance | bat path | hand-eye coordination,6,hitting,,,false,,,Hitting,,Medium,approved,,,https://img.youtube.com/vi/UeJpXF55kvs/hqdefault.jpg,2026-02-23T03:29:20.093053+00:00,,,https://www.youtube.com/watch?v=UeJpXF55kvs,UeJpXF55kvs,4,casting:auto:100 | uppercutting:auto:100 | lunging:auto:100 | barring-arm:auto:100,Casting / long swing | Uppercutting / bad swing plane | Lunging / poor balance | Barring front arm / disconnected,casting | uppercutting | lunging | barring-arm
966c4b46-bc36-4589-9bce-ca0682e24c13,One Hand Hitting Drill,8-12,Use a lighter bat for this drill. Bottom hand only: focus on pulling the knob of the bat toward the ball. Top hand only: focus on driving through the ball with your palm pushing forward. Keep your body rotation — don't just arm-swing.,Ripken Baseball,weak top hand | dragging the bat | casting | poor bat control,both,2026-02-23T03:29:20.093053+00:00,,"A one-handed hitting drill from Ripken Baseball that isolates each hand individually. Players hit off a tee using only their bottom hand, then only their top hand, to build strength, bat control, and proper swing path in each hand independently.",Intermediate,,Batting tee | Lighter bat | Baseballs or wiffle balls | Net,,,Both,12,top hand strength | bottom hand control | bat path | wrist strength,8,hitting,,,false,,,Hitting,,Small,approved,,,https://img.youtube.com/vi/9XkdpzNrswo/hqdefault.jpg,2026-02-23T03:29:20.093053+00:00,,,https://www.youtube.com/watch?v=9XkdpzNrswo,9XkdpzNrswo,2,casting:auto:100 | rolling-over:auto:100,Casting / long swing | Rolling over / weak top hand,casting | rolling-over
0d6f53b2-ca7d-45ae-b0d2-eac1d8c13f9a,10 Best Baseball Hitting Drills for Kids,6-10,Keep your eyes on the ball the whole time. Grip the bat with your knocking knuckles lined up. Take a small step toward the pitcher when you swing. Swing level through the ball — try to hit line drives.,YouGotMOJO,fear of the ball | poor hand-eye coordination | inconsistent contact | incorrect grip | stepping out,both,2026-02-23T03:29:20.093053+00:00,,"A compilation of 10 kid-friendly hitting drills from MOJO Sports including tee work, soft toss variations, and fun competitive drills that keep young players engaged while building proper swing mechanics and confidence at the plate.",Beginner,,Batting tee | Bat | Baseballs | Wiffle balls | Cones,,,Both,10,swing fundamentals | hand-eye coordination | bat control | contact | stance,6,hitting,,,true,,,Hitting,,Medium,approved,,,https://img.youtube.com/vi/gOE484Meo_o/hqdefault.jpg,2026-02-23T03:29:20.093053+00:00,,,https://www.youtube.com/watch?v=gOE484Meo_o,gOE484Meo_o,3,inconsistent-contact:auto:100 | fear-of-ball:auto:100 | stepping-in-bucket:auto:100,Inconsistent / weak contact | Fear of the ball / turns away | Steps in the bucket,inconsistent-contact | fear-of-ball | stepping-in-bucket
38d1c493-6e09-4708-8cb7-7fab7eda189f,How to Hit a Baseball Step by Step,6-12,"Line up your knocking knuckles on the bat. Stand with feet shoulder-width apart, knees slightly bent. Load your hands back near your ear as you stride forward. Swing down through the ball and finish high over your opposite shoulder.",Ultimate Baseball Training,incorrect grip | poor stance | no load | stepping in the bucket | uppercut swing | incomplete follow-through,both,2026-02-23T03:29:20.093053+00:00,,"A step-by-step instructional video from Ultimate Baseball Training breaking down how to hit a baseball from the ground up. Covers proper grip, balanced stance, loading the hands, controlled stride, swing path through the zone, and complete follow-through.",Beginner,,Bat | Batting tee | Baseballs | Helmet,,,Both,12,complete swing mechanics | grip | stance | load | stride | swing | follow-through,6,hitting,,,false,,,Hitting,,Medium,approved,,,https://img.youtube.com/vi/q7CPS0RYDPM/hqdefault.jpg,2026-02-23T03:29:20.093053+00:00,,,https://www.youtube.com/watch?v=q7CPS0RYDPM,q7CPS0RYDPM,4,no-follow-through-throw:auto:100 | uppercutting:auto:100 | flying-open:auto:100 | stepping-in-bucket:auto:100,No follow-through (throwing) | Uppercutting / bad swing plane | Flying open / no load | Steps in the bucket,no-follow-through-throw | uppercutting | flying-open | stepping-in-bucket
8219d6db-fbe4-4ee2-93e5-4b5ecd46b12c,Must-Do Youth Pitching Drills for Beginners,6-12,Lift your knee to your belt buckle and hold for 2 seconds before striding. Point your glove at the target. Land softly on your front foot. Finish with your chest over your front knee.,ARM Pitching Development,poor balance at leg lift | rushing delivery | inconsistent release point | falling off to one side,both,2026-02-23T03:29:20.093053+00:00,,"A comprehensive collection of must-do pitching drills specifically for young and beginning pitchers. Breaks down the pitching motion into simple, manageable parts including Balance Point Drill, Knee Drill, and Stride Drill that youth players can understand and execute.",Beginner,,Baseball | Glove | Flat ground or mound,,,Both,12,balance point | arm action | stride direction | follow-through,6,pitching,,,true,,,Pitching,,Medium,approved,,,https://img.youtube.com/vi/McHb2hXrTrE/hqdefault.jpg,2026-02-23T03:29:20.093053+00:00,,,https://www.youtube.com/watch?v=McHb2hXrTrE,McHb2hXrTrE,3,inconsistent-release:auto:100 | rushing-delivery:auto:100 | balance-leg-lift:auto:100,Inconsistent release / command | Rushing the delivery | Poor balance at leg lift / falls off,inconsistent-release | rushing-delivery | balance-leg-lift
7563acaf-50dc-4e28-b332-764a6a31c932,9 Best Pitching Drills for Kids,6-12,"Stand like a flamingo — strong and balanced on one leg. Snap the towel at the target like you're throwing the ball. Keep your eyes on the target the whole time. Stride toward home plate, not to the side.",YouGotMOJO,poor balance on one leg | weak follow-through | inconsistent arm slot | rushing the delivery,both,2026-02-23T03:29:20.093053+00:00,,"MOJO Sports covers 9 top pitching drills for kids including the Kneel of Fortune (upper body rotation), Balance Beam (steady delivery using cones), Flamingo (single-leg strength/control), and Towel Slap (mechanics without a ball). Drills break down pitching into fun, manageable parts.",Beginner,,Baseball | Glove | Towel | Cones,,,Both,12,balance | arm speed | stride mechanics | follow-through | posture,6,pitching,,,true,,,Pitching,,Medium,approved,,,https://img.youtube.com/vi/ImeXGqKYP7Y/hqdefault.jpg,2026-02-23T03:29:20.093053+00:00,,,https://www.youtube.com/watch?v=ImeXGqKYP7Y,ImeXGqKYP7Y,4,balance-leg-lift:auto:100 | low-arm-slot:auto:100 | no-follow-through-throw:auto:100 | rushing-delivery:auto:100,Poor balance at leg lift / falls off | Low arm slot / sidearm | No follow-through (throwing) | Rushing the delivery,balance-leg-lift | low-arm-slot | no-follow-through-throw | rushing-delivery
29ba52d6-4c87-40be-9c07-e0e760bf4cbc,The Rocker Drill for Pitching,8-12,"Rock back, then drive your front hip toward the catcher. Keep your shoulders tilted uphill as you stride. Pull your glove to your chest — don't let it drop. Feel your weight stay back as your hips lead the way.",Dan Blewett,leaking weight forward | dropping glove | downhill shoulders | poor weight transfer,both,2026-02-23T03:29:20.093053+00:00,,"Former pro pitcher Dan Blewett demonstrates the Rocker Drill — his top recommended pitching drill for youth players. The drill teaches proper hip-led weight shift and front-side drive, creating uphill shoulders that improve velocity and command.",Intermediate,,Baseball | Glove | Flat ground or mound,,,Both,12,hip lead | weight shift | front side usage | uphill shoulders,8,pitching,,,true,,,Pitching,,Medium,approved,,,https://img.youtube.com/vi/4NOo7JSK6eA/hqdefault.jpg,2026-02-23T03:29:20.093053+00:00,,,https://www.youtube.com/watch?v=4NOo7JSK6eA,4NOo7JSK6eA,2,lunging:auto:100 | one-hand-catching:auto:100,Lunging / poor balance | One-handed / stabs at the ball,lunging | one-hand-catching
808e703f-d60e-4a0b-8cbd-845bcb4cc1bb,Game-Speed Reaction Blocking,12-16,"Mix locations randomly and don't telegraph. Score each rep: blocked-in-front = 2, blocked-away = 1, past = 0; track weekly. Add a runner-on-third scenario so recovery-to-throw matters.",Catching IQ,balls in the dirt get past | bails on balls in the dirt | too many passed balls,both,2026-08-04T15:36:04.815116+00:00,,A game-speed blocking drill with unpredictable balls in the dirt — the catcher must read and react rather than pre-set. For catchers who already own solid blocking mechanics.,Advanced,,catcher's gear | baseballs | pitching machine (optional),,1-2x/week in-season,Indoor/Outdoor,16,read and react | lateral quickness | recovery to throw,12,Blocking,4,"3 rounds of 10 random blocks, scored",true,Full catcher's gear required. Game-speed dirt balls only for catchers with established blocking form.,Receiving,Catching,ai_expansion_008,Small,approved,8+ of 10 random balls kept in front | Recovers to throwing position within one second | No flinch or head-turn at game velocity,catcher | blocking | reaction | advanced,https://img.youtube.com/vi/n8OCrOmbTBU/hqdefault.jpg,2026-08-04T15:36:04.815116+00:00,2026-08-06T18:39:22.410256+00:00,,https://www.youtube.com/watch?v=n8OCrOmbTBU,n8OCrOmbTBU,1,catcher-blocking:curated:3,Won't block balls in the dirt,catcher-blocking
367642e8-dfd4-4988-90e5-f2c4d10b3401,Catcher Throw-Down Footwork to Second,12-14,"Time every rep glove-to-glove. Cue 'feet start the throw' — the exchange happens while the feet replace. Start dry (no ball), then from a partner's toss, then live machine pitches.",Pro Speed Baseball,slow transfer | slow release | extra steps before throw,both,2026-08-04T15:36:04.815116+00:00,,"Catcher footwork patterns for throwing to second at game speed — replace, jab-step, and transfer mechanics that shorten pop time and control the running game.",Advanced,,catcher's gear | baseballs | stopwatch,,2x/week,Outdoor,14,replace footwork | quick transfer | direction to second,12,Throwing footwork,4,"3 sets of 6 throw-downs, timed",true,Arm-care warm-up before throw-downs; cap volume at ~20 full-intensity throws per session for youth arms.,Transfer,Catching,ai_expansion_008,Full field,approved,"Pop time trends down week over week | Transfer happens during footwork, not after | Throws arrive on the bag-side of second consistently",catcher | pop time | footwork | throw down | advanced,https://img.youtube.com/vi/RmlsQPV4OGs/hqdefault.jpg,2026-08-04T15:36:04.815116+00:00,2026-08-06T18:39:22.410256+00:00,,https://www.youtube.com/watch?v=RmlsQPV4OGs,RmlsQPV4OGs,1,slow-transfer:auto:91,Slow transfer / exchange,slow-transfer
b610bf25-fbc7-46e3-9c8a-16e07224bf70,Bent-Leg Slide Basics — The Right Way to Slide,7-12,"Teach on grass in socks or on a sliding mat first — never on dirt day one. Cue 'sit into it, hands to the sky.' Start from a walk, then jog, then run. Mark a start line about two body lengths from the base.",BSBL BLVD,can't slide | slides headfirst | bad sliding form | afraid to slide,both,2026-08-04T15:36:04.815116+00:00,,"Intro to correct bent-leg sliding: when to start the slide, tucking one leg into the figure-4, keeping hands up, and avoiding the habits that cause injuries.",Beginner,,grass area or sliding mat | loose base,,1-2x/week until confident,Outdoor,12,figure-4 leg tuck | slide start distance | hands up,7,Sliding,1,"10-15 slides per session, building speed gradually",false,"No headfirst slides for beginners. Slide on grass, wet grass, or a mat before ever sliding on dirt; remove cleats for first sessions.",Base awareness,Baserunning,ai_expansion_008,Small,approved,"Slides on the seat/hip, not the knees | Hands stay up through the slide | Starts the slide at the marked distance without hesitation",sliding | bent-leg slide | figure four | safety,https://img.youtube.com/vi/h_mEnVPL6Qg/hqdefault.jpg,2026-08-04T15:36:04.815116+00:00,2026-08-06T18:39:22.410256+00:00,,https://www.youtube.com/watch?v=h_mEnVPL6Qg,h_mEnVPL6Qg,1,cant-slide:curated:1,Can't slide / slides late or wrong,cant-slide
282be624-51e9-4a06-ab37-7646b0a3da8b,Sliding Practice Stations,9-13,Run as a rotating station during practice. Every player gets volume without dirt burn. Watch for the trail leg flattening out — keep the figure-4. Add a coach pointing left/right so runners slide to a side of the bag.,ZONED Sports Academy,slides late | bad sliding form | doesn't know how to slide,both,2026-08-04T15:36:04.815116+00:00,,Station-based sliding reps for teams: high-repetition bent-leg slides in a controlled setting to build comfort and consistency once players know the basic form.,Intermediate,,sliding mat or grass area | loose bases,,Weekly during season,Indoor/Outdoor,13,repetition under control | slide timing | consistent form,9,Sliding,3,2 rounds of 6-8 slides per station,false,Use mats or grass for volume work; check the sliding lane is clear of equipment between reps.,Base awareness,Baserunning,ai_expansion_008,Medium,approved,Same slide shape every rep | Can slide to either side of the bag on command | No slowing down before the slide starts,sliding | stations | team practice,https://img.youtube.com/vi/e_q6AWdgabQ/hqdefault.jpg,2026-08-04T15:36:04.815116+00:00,2026-08-06T18:39:22.410256+00:00,,https://www.youtube.com/watch?v=e_q6AWdgabQ,e_q6AWdgabQ,1,cant-slide:curated:2,Can't slide / slides late or wrong,cant-slide
9335a346-33a3-4bd1-b65c-2664f9c7fcfb,Pop-Up Slide — Slide and Advance,11-14,"Only after the basic bent-leg slide is automatic. Cue 'slide through the bag, not to it' — momentum carries the runner up onto the planted foot. Pair with a coach throwing simulated overthrows to train the advance read.",CoachUp,can't slide | no pop-up slide | slides late,both,2026-08-04T15:36:04.815116+00:00,,Game-speed pop-up slide: sliding into the bag on the bent leg and using momentum to pop up ready to advance on an overthrow.,Advanced,,base | grass or dirt sliding area,,1x/week,Outdoor,14,momentum transfer | pop-up mechanics | read to advance,11,Sliding,4,"8-10 pop-up slides, last 4 with an overthrow read",false,Full-speed pop-up slides on dirt only after mat/grass mastery; no headfirst variations.,Base awareness,Baserunning,ai_expansion_008,Medium,approved,Pops to standing without using hands | Eyes find the ball immediately after the slide | Advances confidently on overthrows in scrimmages,sliding | pop-up slide | advance | advanced,https://img.youtube.com/vi/wMZkEfiFBxc/hqdefault.jpg,2026-08-04T15:36:04.815116+00:00,2026-08-06T18:39:22.410256+00:00,,https://www.youtube.com/watch?v=wMZkEfiFBxc,wMZkEfiFBxc,1,cant-slide:curated:3,Can't slide / slides late or wrong,cant-slide
bd106179-ca57-47ef-9e7e-5f8f235405b0,Tee Drill,6-12,Set the tee out in front. Hit line drives to the middle.,Ultimate Baseball Training,poor contact | bad swing path,both,2026-02-23T03:42:23.282295+00:00,,Hitting off a tee to work on swing fundamentals.,Beginner,,Batting tee | bat | balls,,,Both,12,contact point | swing mechanics,6,hitting,,,false,,,Hitting,,Small,approved,,,https://img.youtube.com/vi/q7CPS0RYDPM/hqdefault.jpg,2026-02-23T03:42:23.282295+00:00,,,https://www.youtube.com/watch?v=q7CPS0RYDPM,q7CPS0RYDPM,2,inconsistent-contact:auto:100 | uppercutting:auto:100,Inconsistent / weak contact | Uppercutting / bad swing plane,inconsistent-contact | uppercutting
455f390b-dd25-4389-a65d-9485f7b6fa53,10 Best Baseball Throwing Drills for Kids,6-12,Use a 4-seam grip every time. Step toward your target. Follow through so your throwing hand ends by your opposite knee. Compete with yourself — try to hit the target more times each round.,YouGotMOJO,poor accuracy | weak throws | improper follow-through | slow transitions from catch to throw | inaccurate throwing,both,2026-02-23T03:29:20.093053+00:00,,"MOJO Sports presents 10 structured throwing drills for youth players including Extreme Catch, Selfies, Over Under, Clean Up Crew, and Bullseye — each designed as a game-like activity that teaches proper throwing fundamentals while keeping kids engaged and competitive.",Beginner,,Baseballs | Gloves | Cones | Bucket or target,,2x/week,Both,12,throwing accuracy | arm strength | proper mechanics | quick release | throwing on the move,6,throwing,3,"Pick 2 drills, 10 throws each",true,,,Throwing,,Medium,approved,Hits a partner's chest on most throws from 30+ feet.,,https://img.youtube.com/vi/YRAjMC5F4sg/hqdefault.jpg,2026-02-23T03:29:20.093053+00:00,,,https://www.youtube.com/watch?v=YRAjMC5F4sg,YRAjMC5F4sg,4,no-follow-through-throw:auto:100 | slow-transfer:auto:100 | weak-throws:auto:100 | inaccurate-throws:curated:3,No follow-through (throwing) | Slow transfer / exchange | Weak throws / arm strength | Inaccurate throws,no-follow-through-throw | slow-transfer | weak-throws | inaccurate-throws
f9d5d796-ce11-4964-bc70-a3ce5f8a607f,Steal Breaks — Reading the Pitcher & First Move,9-13,"Line the whole team up off an imaginary first base facing a coach simulating a pitcher. On first move: break. Cue 'sink, cross over, run through second's back corner.' Call out what tipped the pitcher's move each rep.",Dominate The Diamond,late steal break | bad jumps | doesn't read the pitcher | poor crossover step on steals,both,2026-08-04T15:36:04.815116+00:00,,"Teaches the steal break: what runners watch on the pitcher, when to take off, and the explosive crossover first move. Coach-facing so it translates straight to team practice.",Intermediate,,bases | cones,,2x/week,Outdoor,13,crossover step | pitcher reads | reaction to first move,9,Base stealing,3,"3 rounds of 6 breaks (react to leg lift, first move, pickoff mix)",false,,First-step quickness,Baserunning,ai_expansion_008,Medium,approved,"Breaks on first move, not on a guess | Crossover step gains ground toward second | Freezes correctly on pickoff moves",stealing | steal break | crossover | reads,https://img.youtube.com/vi/JVwDSgbUfBM/hqdefault.jpg,2026-08-04T15:36:04.815116+00:00,2026-08-06T18:39:22.410256+00:00,,https://www.youtube.com/watch?v=JVwDSgbUfBM,JVwDSgbUfBM,1,base-stealing:curated:1,Poor jumps / can't steal bases,base-stealing
b9bb75c7-9ed0-47ee-9d11-2de953510027,Secondary Lead & Delayed Steal,10-14,"Rep the two-shuffle secondary timed to the pitch crossing the zone. For the delayed steal, break as the catcher's throw goes back to the pitcher. Works especially well at levels where catchers lob returns.",YouGoProBaseball,no secondary lead | frozen on steal attempts | can't steal bases,both,2026-08-04T15:36:04.815116+00:00,,"The secondary lead and the delayed steal: timing shuffles with the pitch, reading the catcher, and stealing bases without elite speed.",Intermediate,,bases,,1-2x/week,Outdoor,14,secondary lead timing | catcher reads | delayed steal timing,10,Base stealing,3,10 secondary leads + 6 delayed-steal reps,false,,Base awareness,Baserunning,ai_expansion_008,Medium,approved,Secondary lead lands as the pitch crosses the plate | Momentum moving toward the next base at contact | Successfully times a delayed steal in scrimmage,stealing | secondary lead | delayed steal,https://img.youtube.com/vi/SXfbP6x3iXI/hqdefault.jpg,2026-08-04T15:36:04.815116+00:00,2026-08-06T18:39:22.410256+00:00,,https://www.youtube.com/watch?v=SXfbP6x3iXI,SXfbP6x3iXI,1,base-stealing:curated:2,Poor jumps / can't steal bases,base-stealing
01316f5d-8ea2-451f-a243-5e5edbd47d74,Catcher Footwork Skills and Drills,8-12,"Feet shoulder-width apart, weight on the balls of your feet. When runners are on, move to your secondary stance — slightly more upright, ready to throw. Right foot replaces left foot when throwing to 2nd. Quick feet equal quick throws.",Ultimate Baseball Training,poor stance setup | slow transfers | incorrect foot positioning on throw-downs | lazy secondary stance,both,2026-02-23T03:29:20.093053+00:00,,"Coach Justin demonstrates essential footwork drills for youth catchers covering proper receiving stance, secondary stance with runners on, quick transfer mechanics from catching to throwing position, and pop-up footwork for throwing to second base.",Intermediate,,Catcher's gear | Baseballs | Home plate,,,Both,12,receiving stance | secondary stance | transfer footwork | throwing footwork | pop-up mechanics,8,catching,,,true,,,Catching,,Medium,approved,,,https://img.youtube.com/vi/y4Ep5hji9TI/hqdefault.jpg,2026-02-23T03:29:20.093053+00:00,,,https://www.youtube.com/watch?v=y4Ep5hji9TI,y4Ep5hji9TI,1,slow-transfer:auto:100,Slow transfer / exchange,slow-transfer
35a5e10e-9713-4887-ad07-030b421db06f,Simple Base Running Drills for Youth Practice,6-12,"Set up 3 cones on an angle so every runner can SEE the pitcher. Eyes on the pitcher the whole time. When you break, turn your hips FIRST, keep feet low, push off hard with your back foot. Stay athletic and ready to move.",Dominate the Diamond,poor base awareness | standing flat-footed | slow first step | running past bases without proper turns,both,2026-02-23T03:29:20.093053+00:00,,"Coaches Duke and Steve from Dominate the Diamond demonstrate a game-like baserunning setup using three angled cones to simulate multiple first bases, allowing three groups to work simultaneously on steal breaks, lead-offs, and base-running mechanics while maximizing reps.",Beginner,,Bases or cones | Full baseball field or open area,,,Outdoor,12,lead-offs | steal breaks | reading the pitcher | running through first base | rounding bases,6,baserunning,,,true,,,Baserunning,,Full Field,approved,,,https://img.youtube.com/vi/hdyY3AoSkyk/hqdefault.jpg,2026-02-23T03:29:20.093053+00:00,,,https://www.youtube.com/watch?v=hdyY3AoSkyk,hdyY3AoSkyk,4,bad-base-turns:auto:100 | base-awareness:auto:100 | slow-first-step:auto:100 | fielding-flat-footed:auto:100,Bad base-running turns | Poor base awareness / hesitation | Slow first step / acceleration | Fields flat-footed / not in front,bad-base-turns | base-awareness | slow-first-step | fielding-flat-footed
bca3c9cb-536d-4066-b9d5-5d960f4eb9a7,5-Point Baserunning Checklist Drill,7-12,"Every time you get on base: (1) Find your base coach and listen, (2) Take your lead, (3) Know how many outs, (4) Know where the ball is at ALL times, (5) Be ready to GO on every pitch. Practice until it's automatic.",Ultimate Baseball Training,poor base awareness | forgetting to take a lead | not knowing when to advance | hesitation on the bases,both,2026-02-23T03:29:20.093053+00:00,,"Coach Justin presents a 5-point checklist every baserunner should execute every time they reach base. Systematically walks through proper baserunning habits including taking a lead, knowing the situation, reading the ball, understanding when to tag up, and when to be aggressive.",Beginner,,Bases | Baseball field,,,Outdoor,12,base awareness | lead-off positioning | reading the ball | rounding bases | tagging up,7,baserunning,,,false,,,Baserunning,,Full Field,approved,,,https://img.youtube.com/vi/k9ihDpMSAdM/hqdefault.jpg,2026-02-23T03:29:20.093053+00:00,,,https://www.youtube.com/watch?v=k9ihDpMSAdM,k9ihDpMSAdM,1,base-awareness:auto:100,Poor base awareness / hesitation,base-awareness
a1914ed5-c1e1-4123-ad4c-66685131199b,Top 5 Blocking Drills for Catchers,8-12,"Hips BACK, hands DOWN — make a home plate shape with your arms. Exhale just before the ball hits your body to soften like a pillow. Chin down — try to watch the ball hit your chest protector. Start with tennis balls if you're nervous.",Catching Made Simple,fear of the ball | standing up instead of dropping | leaving holes between legs | deflecting balls too far,both,2026-02-23T03:29:20.093053+00:00,,"Coach Bougie demonstrates 5 progressive blocking drills: Pre-Set Blocks, Side-to-Side Slides, Twist and Block, Inch Worms, and Rapid Fire. Each drill builds on the previous, creating a full blocking progression from basic to game-speed.",Beginner,,"Catcher's gear (chest protector, shin guards, helmet, mitt) | Baseballs or tennis balls",,2x/week,Both,12,blocking technique | lateral movement | hip positioning | glove placement | chin tuck,8,catching,,"2 sets of 8 blocks (straight, left, right)",true,,,Catching,,Small,approved,"Drops to the knees with chest over the ball, hips back and hands down, and keeps blocked balls in front.",,https://img.youtube.com/vi/Tjzv5anKEe0/hqdefault.jpg,2026-02-23T03:29:20.093053+00:00,,,https://www.youtube.com/watch?v=Tjzv5anKEe0,Tjzv5anKEe0,4,poor-fielding-footwork:auto:100 | fielding-flat-footed:auto:100 | fear-of-ball:auto:100 | catcher-blocking:curated:1,Poor fielding footwork / approach | Fields flat-footed / not in front | Fear of the ball / turns away | Won't block balls in the dirt,poor-fielding-footwork | fielding-flat-footed | fear-of-ball | catcher-blocking
5357926b-8cb2-4ca4-86e7-ee389f6793d5,How to Run the Bases — Pro Tips,6-12,"On a ground ball — RUN HARD through first base. Don't slow down! On an outfield hit — start curving early (banana path), hit the INSIDE corner with your right foot, and look for the ball. Touch EVERY base.",YouGoProBaseball,running in foul territory | not hitting inside of bag | wide inefficient turns | slowing down before base,both,2026-02-23T03:29:20.093053+00:00,,"YouGoProBaseball demonstrates proper base-running technique including running through first base on ground balls, rounding bases efficiently by hitting the inside corner with the right foot, making banana turns for extra bases, and fundamentals of running form on the basepaths.",Beginner,,Bases | Baseball field,,,Outdoor,12,running through first base | rounding bases | hitting inside corner | proper running form | base turns,6,baserunning,,,false,,,Baserunning,,Full Field,approved,,,https://img.youtube.com/vi/bWt9YWZiJps/hqdefault.jpg,2026-02-23T03:29:20.093053+00:00,,,https://www.youtube.com/watch?v=bWt9YWZiJps,bWt9YWZiJps,1,bad-base-turns:auto:100,Bad base-running turns,bad-base-turns
977c1fd1-12b0-42c6-8b8b-e3a90303e385,Baseball Arm Stretches and Pre-Throwing Warm-Up,6-12,Always warm up your arm before throwing — never throw cold. Do arm circles forward and backward. Stretch gently — don't force it. Make these stretches part of your routine every single practice and game day.,Ultimate Baseball Training,cold arm throwing | stiff shoulders | poor range of motion | arm soreness from inadequate warm-up,both,2026-02-23T03:29:20.093053+00:00,,Coach Justin demonstrates essential arm stretches and a complete throwing warm-up routine covering dynamic stretches and arm care movements that should be performed before every throwing session to prepare the arm and prevent injury.,Beginner,,None (bodyweight stretches),,,Both,12,shoulder health | arm preparation | rotator cuff activation | shoulder mobility,6,throwing,,,false,,,Arm Care,,Small,approved,,,https://img.youtube.com/vi/5GY4nLILbi4/hqdefault.jpg,2026-02-23T03:29:20.093053+00:00,,,https://www.youtube.com/watch?v=5GY4nLILbi4,5GY4nLILbi4,1,cold-arm:auto:100,Throws without warming up / arm soreness,cold-arm
dfa91c84-6ce8-4d03-9c5d-4252adc5fe3d,Complete Pitching and Throwing Warm-Up Routine,6-12,"Do this routine before every practice and game. Start with big arm circles, then get smaller. Warm up your whole body, not just your arm. If your arm feels tired or sore, tell your coach right away.",ARM Pitching Development,throwing without warming up | arm tightness | poor arm preparation | insufficient shoulder mobility,both,2026-02-23T03:29:20.093053+00:00,,"A complete pre-throwing warm-up and arm care routine designed for all ages. Covers dynamic movements, shoulder activation exercises, and a progressive throwing warm-up sequence that prepares the arm for practice or games.",Beginner,,Resistance band (optional) | Baseball | Glove,,,Both,12,shoulder activation | rotator cuff warm-up | arm care | pre-throwing preparation,6,throwing,,,false,,,Arm Care,,Small,approved,,,https://img.youtube.com/vi/WQ9ggLQJ96M/hqdefault.jpg,2026-02-23T03:29:20.093053+00:00,,,https://www.youtube.com/watch?v=WQ9ggLQJ96M,WQ9ggLQJ96M,2,throwing-mechanics:auto:100 | cold-arm:auto:100,Poor throwing mechanics | Throws without warming up / arm soreness,throwing-mechanics | cold-arm
3df6814c-4d77-4592-8693-9fd419ded05c,8 Baseball Warm-Up Exercises You Must Do,6-12,Do each exercise for 15-20 yards. Keep your chest up and core tight. Don't rush — quality movement beats speed. Finish with easy throws before going full speed. Never skip your warm-up!,Ultimate Baseball Training,stiffness | poor hip mobility | lack of pre-game preparation | cold muscles,both,2026-02-23T03:29:20.093053+00:00,,"A comprehensive 8-exercise dynamic warmup routine covering high knees, butt kicks, leg swings, arm circles, torso rotations, shuffle steps, backpedals, and progressive throwing. Designed as a complete pre-game and pre-practice warmup sequence.",Beginner,,None (bodyweight only),,,Both,12,flexibility | hip mobility | cardiovascular activation | shoulder mobility | lateral movement,6,athletic development,,,false,,,Warmup,,Medium,approved,,,https://img.youtube.com/vi/yaPtL61nSzU/hqdefault.jpg,2026-02-23T03:29:20.093053+00:00,,,https://www.youtube.com/watch?v=yaPtL61nSzU,yaPtL61nSzU,1,cold-arm:auto:100,Throws without warming up / arm soreness,cold-arm
ab8f57ca-ebf4-49b7-8f08-e62e5dd54a3f,Dynamic Warm-Up with Arm Stretches,8-12,"Move your arms through the full range of motion slowly. Never force a stretch — go to where you feel a gentle pull. Do this BEFORE you pick up a ball. Warm up to throw, don't throw to warm up!",Ultimate Baseball Training,tight shoulders | poor arm preparation | lack of upper-body warm-up | restricted range of motion,both,2026-02-23T03:29:20.093053+00:00,,"A dynamic warmup routine specifically targeting arm stretches and shoulder mobility for baseball players. Focuses on preparing the upper body for throwing, batting, and fielding through active stretching movements.",Beginner,,None (bodyweight only),,,Both,12,shoulder mobility | arm care | upper body flexibility | rotational stretching,8,athletic development,,,false,,,Warmup,,Small,approved,,,https://img.youtube.com/vi/JBGAGVgHLq0/hqdefault.jpg,2026-02-23T03:29:20.093053+00:00,,,https://www.youtube.com/watch?v=JBGAGVgHLq0,JBGAGVgHLq0,2,cold-arm:auto:100 | throwing-mechanics:auto:100,Throws without warming up / arm soreness | Poor throwing mechanics,cold-arm | throwing-mechanics
32d3b75f-3d94-4048-b1e1-26a3d87e9449,Base Running Athletic Circuit,6-12,Run hard around the bases using good form — pump your arms and lean into your turns. Hit the inside of each base. Try to beat your time each round. Stay low through the turns — don't pop up tall.,ZONEDSportsAcademy,poor acceleration | wide/slow base turns | lack of coordination | poor body control when changing direction,both,2026-02-23T03:29:20.093053+00:00,,"ZONEDSportsAcademy (the training facility arm of Dominate the Diamond) presents a base running circuit combining sprint mechanics, agility, and coordination into a baseball-specific athletic development circuit that develops speed, explosiveness, and body control.",Beginner,,Bases or cones | Baseball diamond or open space,,,Outdoor,12,sprint acceleration | deceleration | change of direction | explosive first steps | body control,6,baserunning,,,false,,,Athletic Development,,Full Field,approved,,,https://img.youtube.com/vi/5hYYRufn40s/hqdefault.jpg,2026-02-23T03:29:20.093053+00:00,,,https://www.youtube.com/watch?v=5hYYRufn40s,5hYYRufn40s,2,bad-base-turns:auto:100 | slow-first-step:auto:100,Bad base-running turns | Slow first step / acceleration,bad-base-turns | slow-first-step
b194ff1d-f857-47d5-911c-0bab06c6e6bc,Baseball Dynamic Stretches for Youth Players,8-12,"These stretches should feel like a gentle pull, never pain. Move smoothly and control each stretch. Great for injury prevention — do it every single practice and game day. If anything hurts, stop and tell your coach.",Spear Physical Therapy,stiffness | muscle tightness | poor range of motion | poor posture | lack of coordination,both,2026-02-23T03:29:20.093053+00:00,,"A physical therapy-designed dynamic stretching routine tailored for baseball players. Focuses on baseball-specific movement patterns to increase flexibility, improve body awareness, and reduce injury risk through controlled, active stretches.",Beginner,,None (bodyweight only),,,Both,12,dynamic flexibility | joint mobility | injury prevention | range of motion | body awareness,8,athletic development,,,false,,,Athletic Development,,Small,approved,,,https://img.youtube.com/vi/MNouzjZQ4wo/hqdefault.jpg,2026-02-23T03:29:20.093053+00:00,,,https://www.youtube.com/watch?v=MNouzjZQ4wo,MNouzjZQ4wo,1,cold-arm:auto:100,Throws without warming up / arm soreness,cold-arm
0e5e88b4-7b3c-4325-b658-179e638a8c24,One Hand Drill,8-12,Top hand: palm up through contact. Bottom hand: knob to ball.,Ripken Baseball,weak hands | poor bat control,both,2026-02-23T03:42:23.282295+00:00,,Hit with one hand to build strength and feel.,Intermediate,,Batting tee | bat,,,Both,12,hand strength | bat path,8,hitting,,,false,,,Hitting,,Small,approved,,,https://img.youtube.com/vi/9XkdpzNrswo/hqdefault.jpg,2026-02-23T03:42:23.282295+00:00,,,https://www.youtube.com/watch?v=9XkdpzNrswo,9XkdpzNrswo,0,,,
4106c25c-beeb-4d11-b1aa-eb9aa85978ae,"Pro Base-Stealing Package — Leads, Reads & Jumps",11-15,"Run against a live pitcher working from the stretch. Chart every rep: safe jump / late / picked. Teach one tell at a time (heel lift, shoulder lean, head pattern). Time first-move-to-second and track improvement.",Dominate The Diamond,gets picked off | bad jumps | can't steal bases | slow jump on steals,both,2026-08-04T15:36:04.815116+00:00,,"Game-speed stealing package: primary lead distance, reading pitcher tells and pickoff moves, and maximizing the jump against live pitching.",Advanced,,bases | live pitcher or coach on mound | stopwatch,,1x/week in-season,Outdoor,15,primary lead | pitcher tells | jump quality,11,Base stealing,4,"8-10 live steal reps, charted",true,,First-step quickness,Baserunning,ai_expansion_008,Full field,approved,Identifies the pitcher's tell and states it out loud | Jump rate improves on the weekly chart | Returns standing on pickoffs — never dives late from an overextended lead,stealing | leads | jumps | pickoffs | advanced,https://img.youtube.com/vi/iZK-Rtp1bv4/hqdefault.jpg,2026-08-04T15:36:04.815116+00:00,2026-08-06T18:39:22.410256+00:00,,https://www.youtube.com/watch?v=iZK-Rtp1bv4,iZK-Rtp1bv4,1,base-stealing:curated:3,Poor jumps / can't steal bases,base-stealing
2da70c16-18d3-4b63-8eca-12804ac048ea,"Calm Rundowns — Push Back, Follow Your Throw",9-13,"Layer in the rule: always push the runner back toward the base he came from, and always follow your throw to the end of the opposite line. Add a second runner variant once the basic rotation is automatic.",Dominate The Diamond,doesn't follow the throw | panics in rundowns | too many throws in rundowns,both,2026-08-04T15:36:04.815116+00:00,,"Takes the panic out of youth rundowns: pushing the runner back toward the previous base, following your throw, and getting the out in as few throws as possible.",Intermediate,,bases | baseballs,,Biweekly,Outdoor,13,push runner back | follow the throw | rotation,9,Rundowns,3,6-8 rundown reps with full rotation,true,Helmets on runners; keep rundown lanes clear of bats and loose balls.,Base awareness,Team Defense,ai_expansion_008,Medium,approved,Runner is always moving back toward the trailing base | Thrower follows his throw every time without reminding | Backup fielder is in line before the throw is made,rundown | pickle | rotation,https://img.youtube.com/vi/cV8Ivq0XcJA/hqdefault.jpg,2026-08-04T15:36:04.815116+00:00,2026-08-06T18:39:22.410256+00:00,,https://www.youtube.com/watch?v=cV8Ivq0XcJA,cV8Ivq0XcJA,1,rundowns:curated:2,Panics in rundowns,rundowns
9e9405f3-80fb-4ad6-928c-e7749be5e0f6,PVC Pipe Hip Rotation Drill,7-12,"Put the PVC pipe across your shoulders like a yoke. Now rotate — the ends of the pipe should stay level the whole time. If one end drops, you're losing your axis. Think of a spinning top — it spins in place, it doesn't move around. That's what your swing should feel like.",YouGoProBaseball,swaying instead of rotating | poor hip engagement | loss of posture during swing | no axis,both,2026-02-23T03:42:23.282295+00:00,,"Players hold a PVC pipe across their shoulders and practice rotating around their axis without swinging a bat. The pipe gives visual feedback if the player is swaying, dipping, or losing posture during rotation rather than rotating in place.",Beginner,,PVC pipe or dowel rod,,,Both,12,hip rotation | swing axis | posture | rotation mechanics,7,hitting,,,false,,,Hitting,,Small,approved,,,https://img.youtube.com/vi/UeJpXF55kvs/hqdefault.jpg,2026-02-23T03:42:23.282295+00:00,,,https://www.youtube.com/watch?v=UeJpXF55kvs,UeJpXF55kvs,1,lunging:auto:100,Lunging / poor balance,lunging
37f0c306-4c6c-4fa6-8491-96fa90893be9,Little League Cuts & Relays System,8-12,"Walk the whole team through each scenario at half speed with no ball first — every player physically moves to their spot. Then add a rolled ball, then a thrown ball. Quiz players: 'ball in the right-center gap, runner on first — where do you go?'",Dominate The Diamond,no cutoff man | doesn't line up on relays | throws to the wrong base,both,2026-08-04T15:36:04.815116+00:00,,"A simplified cut-and-relay system built for Little League fields: where each fielder goes on balls to each outfield spot, kept simple enough for young teams to run in games.",Beginner,,baseballs | bases | cones,,"Weekly early season, biweekly after",Outdoor,12,cutoff positioning | who covers what | communication,8,Cutoffs & relays,2,"Walk-through of 4 scenarios, then 2 live reps each",true,Sequence throws so only one ball is live at a time; young fielders should never turn their back on an incoming throw.,Throwing accuracy,Team Defense,ai_expansion_008,Full field,approved,Every player moves somewhere on contact — nobody stands still | Cutoff man is in line between outfielder and target base | Team can name their assignment for each gap without prompting,cutoffs | relays | team defense | positioning,https://img.youtube.com/vi/Yle6R1-flA8/hqdefault.jpg,2026-08-04T15:36:04.815116+00:00,2026-08-06T18:39:22.410256+00:00,,https://www.youtube.com/watch?v=Yle6R1-flA8,Yle6R1-flA8,1,cutoffs-relays:curated:1,Misses the cutoff man / poor relays,cutoffs-relays
d38bd8d0-2293-41ce-a97d-b5cb15f47fbc,Soft Toss From the Side,6-12,Watch the ball leave my hand. Let the ball get into your hitting zone — don't chase it too early. Stay balanced and drive through the ball toward the middle of the field. Finish with your hands high.,Ripken Baseball,poor timing | pulling off the ball | inconsistent contact | not tracking through contact,both,2026-02-23T03:42:23.282295+00:00,,"A partner kneels to the side and tosses balls underhand into the hitter's strike zone. The hitter tracks the ball from the tosser's hand through contact, focusing on driving the ball up the middle and maintaining a balanced finish.",Beginner,,Baseballs or wiffle balls | bat | net or open field | bucket,,,Both,12,timing | tracking | contact point | swing mechanics,6,hitting,,,true,,,Hitting,,Medium,approved,,,https://img.youtube.com/vi/O7FHkj4EUpY/hqdefault.jpg,2026-02-23T03:42:23.282295+00:00,,,https://www.youtube.com/watch?v=O7FHkj4EUpY,O7FHkj4EUpY,3,inconsistent-contact:auto:100 | pulling-head:auto:100 | late-timing:auto:100,Inconsistent / weak contact | Pulling head / eyes off ball | Late / poor timing,inconsistent-contact | pulling-head | late-timing
eec48dc4-af21-406e-95a2-9db5e22b7596,Front Toss,7-12,Track the ball. Stay back. Hit through the middle.,Ultimate Baseball Training,poor timing | pulling head,both,2026-02-23T03:42:23.282295+00:00,,Underhand tosses from in front to simulate pitches.,Beginner,,Baseballs | bat | L-screen,,,Both,12,timing | tracking,7,hitting,,,true,,,Hitting,,Medium,approved,,,https://img.youtube.com/vi/q7CPS0RYDPM/hqdefault.jpg,2026-02-23T03:42:23.282295+00:00,,,https://www.youtube.com/watch?v=q7CPS0RYDPM,q7CPS0RYDPM,2,late-timing:auto:100 | pulling-head:auto:100,Late / poor timing | Pulling head / eyes off ball,late-timing | pulling-head
09efef50-4077-4e64-80cc-e7d31a8aaa23,One-Hand Tee Drill (Bottom Hand),8-12,Hold the bat with just your bottom hand. Think knob to ball — pull the knob of the bat directly toward the ball as fast as you can. This one is harder because it's usually your weaker hand. Keep your elbow close to your body as you start the swing.,Ripken Baseball,barring the front arm | casting | long swing path | poor hand direction to ball,both,2026-02-23T03:42:23.282295+00:00,,"Hitters use only their bottom hand to swing at a ball on the tee. This drill isolates the lead arm and trains the knob to ball path — the direct, short path the hands should take toward the baseball.",Intermediate,,Batting tee | one-hand training bat or short bat | baseballs,,,Both,12,bottom hand path | knob-to-ball | staying short,8,hitting,,,false,,,Hitting,,Small,approved,,,https://img.youtube.com/vi/9XkdpzNrswo/hqdefault.jpg,2026-02-23T03:42:23.282295+00:00,,,https://www.youtube.com/watch?v=9XkdpzNrswo,9XkdpzNrswo,2,casting:auto:100 | barring-arm:auto:100,Casting / long swing | Barring front arm / disconnected,casting | barring-arm
ba88a3cd-b2ae-430b-bd5e-d06c53f58838,High Tee Drill — Hitting Up in the Zone,8-12,"Set the tee up near your chest. The high pitch wants a SHORT, QUICK move — not a big loopy swing. Drive through the ball and try to hit a backspin line drive toward second base. If you feel your barrel dragging behind your hands, speed up your hands!",Dominate the Diamond,long loopy swing | casting | slow bat speed on high pitches | dropping hands,both,2026-02-23T03:42:23.282295+00:00,,"Coach Duke Baxter sets up the tee at the top of the strike zone and trains hitters to take a short, compact path to high pitches. Players focus on backspin line drives toward second base rather than trying to swing down on the ball.",Intermediate,,Adjustable batting tee (set to high position) | bat | baseballs,,,Both,12,short swing path | quick hands | high-strike adjustment | barrel control,8,hitting,,,false,,,Hitting,,Small,approved,,,https://img.youtube.com/vi/77r6mWAUecA/hqdefault.jpg,2026-02-23T03:42:23.282295+00:00,,,https://www.youtube.com/watch?v=77r6mWAUecA,77r6mWAUecA,1,casting:auto:100,Casting / long swing,casting
8f19ecd6-4892-46be-9f0c-b1aef17a86d6,Knee Drill (Rotational Load),8-12,"Get down on your back knee. From this position it's all about your hands and rotation. Drive your top hand through the ball — aim for backspin line drives to the opposite field gap. Feel your shoulders rotating, not just your arms.",Dominate the Diamond,over-reliance on lower body | rolling over | poor upper-body mechanics | dragging barrel,both,2026-02-23T03:42:23.282295+00:00,,The Albert Pujols drill — hitters drop to one knee in their launch position and work purely on upper-body rotation and hand path to the ball. Eliminates lower body mechanics so players can isolate and feel proper hand/shoulder action.,Intermediate,,Batting tee | bat | baseballs | net,,,Both,12,upper body rotation | hand path | hip-independent arm swing | launch position,8,hitting,,,false,,,Hitting,,Small,approved,,,https://img.youtube.com/vi/77r6mWAUecA/hqdefault.jpg,2026-02-23T03:42:23.282295+00:00,,,https://www.youtube.com/watch?v=77r6mWAUecA,77r6mWAUecA,2,rolling-over:auto:100 | casting:auto:100,Rolling over / weak top hand | Casting / long swing,rolling-over | casting
f94e3f9c-0bd7-41a4-9479-c1ffcbaf5212,Fundamentals of Hitting — Coach's Clinic,6-12,"Let's build your swing one piece at a time: (1) Grip, (2) Stance, (3) Load back, (4) Stride soft, (5) Swing, (6) Finish. Master one before moving to the next. Every good hitter does all six things every single swing.",ZONEDSportsAcademy,incorrect grip | no load | lunging | poor swing plane | weak follow-through,both,2026-02-23T03:42:23.282295+00:00,,"Coach Duke Baxter of Dominate the Diamond / Zoned Sports Academy runs a full coach's clinic covering all hitting fundamentals in a sequential, easy-to-teach format. Designed for coaches teaching players the complete mechanics of a fundamentally sound swing.",Beginner,,Bat | batting tee | baseballs | net or cage,,,Both,12,grip | stance | load | stride | swing plane | follow-through,6,hitting,,,false,,,Hitting,,Medium,approved,,,https://img.youtube.com/vi/5hYYRufn40s/hqdefault.jpg,2026-02-23T03:42:23.282295+00:00,,,https://www.youtube.com/watch?v=5hYYRufn40s,5hYYRufn40s,4,lunging:auto:100 | no-follow-through-throw:auto:100 | flying-open:auto:100 | uppercutting:auto:100,Lunging / poor balance | No follow-through (throwing) | Flying open / no load | Uppercutting / bad swing plane,lunging | no-follow-through-throw | flying-open | uppercutting
0339e559-16cd-4912-94f6-a895ab8dc119,5 Essential Hitting Drills for Youth Baseball,7-12,"Great hitters make it look easy because they practice the basics perfectly. Do each drill slowly first, then build up speed. Your hips start the swing — your hands follow. Practice until the right feeling becomes automatic.",Jermaine Curtis (Pros Cave),poor hip engagement | casting | slow bat speed | loss of balance | no extension,both,2026-02-23T03:42:23.282295+00:00,,"Former MLB player Jermaine Curtis covers 5 essential hitting drills tailored specifically for youth players. He uses MLB-level swing analysis to explain WHY each drill works, then demonstrates each in a simple, youth-accessible format.",Beginner,,Batting tee | baseballs | wiffle balls | bat | net,,,Both,12,hip rotation | hand path | bat speed | balance | extension,7,hitting,,,false,,,Hitting,,Small,approved,,,https://img.youtube.com/vi/3NqJh3hfYZc/hqdefault.jpg,2026-02-23T03:42:23.282295+00:00,,,https://www.youtube.com/watch?v=3NqJh3hfYZc,3NqJh3hfYZc,4,lunging:auto:100 | casting:auto:100 | barring-arm:auto:100 | late-timing:auto:100,Lunging / poor balance | Casting / long swing | Barring front arm / disconnected | Late / poor timing,lunging | casting | barring-arm | late-timing
ebd5359b-cccd-4249-b2d9-6e66987535eb,10 Best Baseball Hitting Drills for Kids,6-10,"These drills are supposed to be fun! The more you enjoy practicing, the better you'll get. Work hard on each one, but make it a game — try to beat your last score or challenge a teammate. Good mechanics AND fun go together.",YouGotMOJO,fear of the ball | poor hand-eye coordination | no confidence at the plate | poor mechanics,both,2026-02-23T03:42:23.282295+00:00,,"MOJO Sports presents 10 kid-friendly hitting drills including tee work, soft toss variations, and fun competitive formats with unique names that keep young players engaged while building real swing mechanics and plate confidence.",Beginner,,Batting tee | bat | baseballs | wiffle balls | cones | net,,,Both,10,hand-eye coordination | timing | bat control | fun competitive hitting,6,hitting,,,true,,,Hitting,,Medium,approved,,,https://img.youtube.com/vi/gOE484Meo_o/hqdefault.jpg,2026-02-23T03:42:23.282295+00:00,,,https://www.youtube.com/watch?v=gOE484Meo_o,gOE484Meo_o,5,throwing-mechanics:auto:100 | fear-of-ball:auto:100 | late-timing:auto:100 | inconsistent-contact:auto:100 | plate-confidence:auto:100,Poor throwing mechanics | Fear of the ball / turns away | Late / poor timing | Inconsistent / weak contact | Low confidence / fear at the plate,throwing-mechanics | fear-of-ball | late-timing | inconsistent-contact | plate-confidence
037c8a5a-327f-42cf-a2a1-bd550fed9e68,High Tee,8-12,"Short, quick path. Drive through with backspin.",Dominate the Diamond,long swing | slow bat,both,2026-02-23T03:42:23.282295+00:00,,Tee set high to practice high-pitch swings.,Intermediate,,Batting tee | bat | balls,,,Both,12,short swing | quick hands,8,hitting,,,false,,,Hitting,,Small,approved,,,https://img.youtube.com/vi/77r6mWAUecA/hqdefault.jpg,2026-02-23T03:42:23.282295+00:00,,,https://www.youtube.com/watch?v=77r6mWAUecA,77r6mWAUecA,2,late-timing:auto:100 | casting:auto:100,Late / poor timing | Casting / long swing,late-timing | casting
ef98c922-d86a-46ea-913c-903b41c8ba2e,"Line Relay Race — Catch, Turn, Throw",8-13,"Two lines of 4-5 players, 60-90 feet apart per link. Cue 'big hands, catch, turn glove-side, throw through the chest.' First line to run the ball down and back wins. Shrink spacing for younger kids.",PowerNet,slow relay throws | poor relays | misses the cutoff man,both,2026-08-04T15:36:04.815116+00:00,,"A repeatable line-relay drill: lining up to the ball, presenting a big target with hands up, and making quick catch-turn-throw transfers down the line. Run it as a race between two lines.",Beginner,,baseballs | cones,,Weekly,Outdoor,13,hands-up target | glove-side turn | quick exchange,8,Cutoffs & relays,2,4-6 races per session,true,Match throwing distances to arm strength — shorten the links for 8-10U rather than letting kids max-effort long throws.,Transfer,Team Defense,ai_expansion_008,Medium,approved,Relay man's hands are up calling for the ball before it arrives | Turns glove-side automatically | Ball travels line-to-line without hitting the ground,relays | relay race | transfer | target,https://img.youtube.com/vi/YipF1W7BDJM/hqdefault.jpg,2026-08-04T15:36:04.815116+00:00,2026-08-06T18:39:22.410256+00:00,,https://www.youtube.com/watch?v=YipF1W7BDJM,YipF1W7BDJM,1,cutoffs-relays:curated:2,Misses the cutoff man / poor relays,cutoffs-relays
32b31e2c-78f6-47a2-a166-7ce9a3053969,Hitting Tips for Tee Ball (4-5 Year Olds),4-7,Hold the bat like you're shaking hands with it. Look at the ball on the tee and don't take your eyes off it. Swing like you're trying to swat a big fly — whoosh! High five when you make contact! Every swing is a great swing when you're learning.,That805Life,fear of swinging | improper grip | swinging with arms only | not watching the ball,both,2026-02-23T03:42:23.282295+00:00,,"A parent-friendly video teaching the absolute fundamentals of hitting to very young players just starting tee ball. Focuses on fun, confidence building, and the most basic mechanics — grip and watching the ball — without overwhelming young beginners.",Beginner,,Batting tee | wiffle balls or soft baseballs | age-appropriate bat | helmet,,,Outdoor,7,grip | simple stance | making contact | tracking ball | having fun,4,hitting,,,false,,,Hitting,,Medium,approved,,,https://img.youtube.com/vi/k8Lzh6YJLUE/hqdefault.jpg,2026-02-23T03:42:23.282295+00:00,,,https://www.youtube.com/watch?v=k8Lzh6YJLUE,k8Lzh6YJLUE,3,plate-confidence:auto:100 | barring-arm:auto:100 | pulling-head:auto:100,Low confidence / fear at the plate | Barring front arm / disconnected | Pulling head / eyes off ball,plate-confidence | barring-arm | pulling-head
26332028-2d32-4f42-817e-c8628f2bdbcd,Catch and Crush Drill — Stay Closed,8-12,"Catch the ball and HOLD it over the tee. Let your hips start to open... but keep your shoulders closed. Feel the tension in your core? That's torque — THAT'S power! Now crush through the ball. The longer you stay closed, the more power you generate.",YouGoProBaseball,early shoulder opening | losing torque | lunging | no separation between upper and lower body,both,2026-02-23T03:42:23.282295+00:00,,A drill where the hitter catches the baseball with their top hand and holds it briefly over the tee before initiating the swing. This teaches the hitter to keep the upper body closed while the lower body initiates — creating the separation and torque that generates power.,Intermediate,,Batting tee | baseball | bat | net,,,Both,12,hip-shoulder separation | staying closed | torque generation | sequencing,8,hitting,,,false,,,Hitting,,Small,approved,,,https://img.youtube.com/vi/3Xqb7j2BYTU/hqdefault.jpg,2026-02-23T03:42:23.282295+00:00,,,https://www.youtube.com/watch?v=3Xqb7j2BYTU,3Xqb7j2BYTU,2,lunging:auto:100 | flying-open:auto:100,Lunging / poor balance | Flying open / no load,lunging | flying-open
4148cfe0-4a27-4abc-a754-dcd5f2544f0e,Shoulder Swings — Stay Short to the Ball,7-12,Start in your stance. Begin your swing — but keep your back elbow tucked tight to your side. Don't let it fly out. This is what staying short feels like. Do 20 slow motion swings focusing only on that back elbow staying close. Then add speed.,YouGoProBaseball,casting | barring front arm | slow bat to the zone | long loopy swing,both,2026-02-23T03:42:23.282295+00:00,,"Without a ball, players swing keeping their back elbow tucked into their hip slot as they initiate the swing. The drill creates the sensation of a short, quick path to the hitting zone and eliminates the long, loop cast most youth hitters develop.",Beginner,,Bat only (no ball needed),,,Both,12,short path to ball | back elbow slot | quick hands | compactness,7,hitting,,,false,,,Hitting,,Small,approved,,,https://img.youtube.com/vi/3Xqb7j2BYTU/hqdefault.jpg,2026-02-23T03:42:23.282295+00:00,,,https://www.youtube.com/watch?v=3Xqb7j2BYTU,3Xqb7j2BYTU,3,casting:auto:100 | late-timing:auto:100 | barring-arm:auto:100,Casting / long swing | Late / poor timing | Barring front arm / disconnected,casting | late-timing | barring-arm
a50f834a-2912-4b0d-9da2-e6856760b644,Frisbee Drill — Hip Rotation & Finish,7-12,Hold the frisbee in your bottom hand and throw it from your batting stance. Your hips open — and the frisbee follows. Try to send the frisbee toward center field. Did it go there? Good hip rotation! Did it sail to the side? Your hips opened too early or too late.,YouGoProBaseball,not finishing swing in direction of target | hip stall | spinning out | poor weight transfer,both,2026-02-23T03:42:23.282295+00:00,,"Players throw a frisbee from a baseball stance using their swing motion. The frisbee provides natural feedback on hip opening timing and finish direction — if hips open too early, the frisbee sails the wrong way; if the finish is correct, it flies straight to the target.",Beginner,,Frisbee or flat disc,,,Outdoor,12,hip opening | releasing energy toward target | finish direction | rotation,7,hitting,,,true,,,Hitting,,Medium,approved,,,https://img.youtube.com/vi/3Xqb7j2BYTU/hqdefault.jpg,2026-02-23T03:42:23.282295+00:00,,,https://www.youtube.com/watch?v=3Xqb7j2BYTU,3Xqb7j2BYTU,2,flying-open:auto:100 | no-hip-lead:auto:100,Flying open / no load | No hip lead / separation,flying-open | no-hip-lead
7bff401e-095e-447b-83e8-bc6cc750c85d,Barry Larkin / Walk-Through Power Drill,8-12,Take a small walking step before you swing — like you're walking through the ball. Build momentum as you step into it and DRIVE through contact. Feel how much more power you have? Now you know what a real weight transfer feels like. Use that feeling in your normal swing.,YouGoProBaseball,hitting without weight transfer | weak contact | no momentum into ball | passive swing,both,2026-02-23T03:42:23.282295+00:00,,"Popularized by Hall of Famer Barry Larkin, players step into the swing with a walking approach — building momentum before making contact. The walk-through teaches how to transfer linear momentum into rotational power, dramatically increasing bat speed at contact.",Intermediate,,Batting tee | bat | baseballs | net,,,Both,12,weight transfer | momentum into ball | linear-to-rotational power | driving through ball,8,hitting,,,false,,,Hitting,,Medium,approved,,,https://img.youtube.com/vi/3Xqb7j2BYTU/hqdefault.jpg,2026-02-23T03:42:23.282295+00:00,,,https://www.youtube.com/watch?v=3Xqb7j2BYTU,3Xqb7j2BYTU,3,flying-open:auto:100 | inconsistent-contact:auto:100 | weak-throws:auto:100,Flying open / no load | Inconsistent / weak contact | Weak throws / arm strength,flying-open | inconsistent-contact | weak-throws
1c406241-97b4-425d-8f16-89ade2dbbc22,Bucket Drill — Stay in Your Legs,7-12,Start sitting on the bucket in your batting crouch. Now stand up into your swing — but try to KEEP the same knee bend you had while sitting. Don't pop tall! Stay low through your swing the same way you were sitting. That low position is where your power comes from.,Dominate the Diamond,popping up out of stance during swing | losing bend in knees | tall posture through contact,both,2026-02-23T03:42:23.282295+00:00,,"Players sit on a bucket in their athletic batting crouch, then stand up into their load and take a swing while trying to maintain the same bent-knee posture they had sitting down. The bucket gives a tactile reminder of proper leg bend and posture.",Beginner,,Bucket | batting tee | bat | baseballs,,,Both,12,posture | staying loaded in legs | not standing up through swing,7,hitting,,,false,,,Hitting,,Small,approved,,,https://img.youtube.com/vi/hdyY3AoSkyk/hqdefault.jpg,2026-02-23T03:42:23.282295+00:00,,,https://www.youtube.com/watch?v=hdyY3AoSkyk,hdyY3AoSkyk,0,,,
f5a6bed9-86d9-4578-85f9-8449c0fc1e33,Two-Tee Drill — Contact at Different Heights,8-12,"Swing at the LOWER tee without hitting the upper one. That means your bat path has to stay on the right level — not too high, not too low. If you hit the top tee, your bat went above the ball. Adjust and try again. This teaches you to hit any pitch in the zone.",Ultimate Baseball Training,single swing-plane only | poor adjustment to different pitch levels | barrel dragging on low pitches,both,2026-02-23T03:42:23.282295+00:00,,"Two tees are set up at different heights — one chest high, one knee high. The hitter swings at the lower tee while the upper tee acts as a ceiling, teaching the batter to adjust bat path and maintain extension across different pitch locations.",Intermediate,,Two batting tees set at different heights | bat | baseballs | net,,,Both,12,adjustability | bat path | contact at different pitch heights | barrel control,8,hitting,,,false,,,Hitting,,Small,approved,,,https://img.youtube.com/vi/q7CPS0RYDPM/hqdefault.jpg,2026-02-23T03:42:23.282295+00:00,,,https://www.youtube.com/watch?v=q7CPS0RYDPM,q7CPS0RYDPM,2,two-strike-approach:auto:100 | casting:auto:100,Two-strike approach | Casting / long swing,two-strike-approach | casting
b1f220a4-fdc3-4750-810f-b431e0c8a16f,Cutoff Responsibilities by Situation,10-14,"Add runners so decisions are real: runner on first, ball to left-center — where's the throw? Let the cutoff man call 'cut two / cut three / let it go' loudly. Rotate players through cutoff roles so everyone learns both ends.",ELITE YOUTH BASEBALL,misses the cutoff man | throws to the wrong base | airmails the cutoff,both,2026-08-04T15:36:04.815116+00:00,,"Team cutoff and relay responsibilities by situation — who the cutoff man is on balls to each outfield spot, and how infielders and outfielders communicate to hit the cutoff.",Intermediate,,baseballs | bases,,Weekly,Outdoor,14,situational assignments | cutoff communication | throw decisions,10,Cutoffs & relays,3,6-8 situational reps with runners,true,One live ball at a time; runners wear helmets during live cutoff reps.,Base awareness,Team Defense,ai_expansion_008,Full field,approved,Outfield throws come down through the cutoff man's head height | Cutoff man makes a loud call on every ball | Correct base chosen on 4 of 5 situational reps,cutoffs | relays | situations | communication,https://img.youtube.com/vi/wIU9NdCBBkE/hqdefault.jpg,2026-08-04T15:36:04.815116+00:00,2026-08-06T18:39:22.410256+00:00,,https://www.youtube.com/watch?v=wIU9NdCBBkE,wIU9NdCBBkE,1,cutoffs-relays:curated:3,Misses the cutoff man / poor relays,cutoffs-relays
4fa59dec-86b0-46f7-bb31-f59382b1e9f4,Bounce Toss / Angled Toss Drill,7-12,"Stay patient — let the ball bounce and come back up into the zone. Don't panic when the ball does something unexpected. Track it all the way into the hitting zone. Your job is to stay balanced, read the ball, and adjust your swing. Stay relaxed!",YouGoProBaseball,poor tracking on breaking balls | pulling off the ball | poor timing | inconsistent contact on off-speed,both,2026-02-23T03:42:23.282295+00:00,,"A feeder bounces balls off the ground at an angle into the hitting zone, creating an unpredictable ball path similar to a changeup or pitch with late movement. Forces hitters to track, adjust, and stay patient through varied ball movement.",Intermediate,,Baseballs | bat | net or cage | partner,,,Both,12,tracking | timing | adjusting to moving pitches | hand-eye coordination,7,hitting,,,true,,,Hitting,,Medium,approved,,,https://img.youtube.com/vi/3Xqb7j2BYTU/hqdefault.jpg,2026-02-23T03:42:23.282295+00:00,,,https://www.youtube.com/watch?v=3Xqb7j2BYTU,3Xqb7j2BYTU,3,inconsistent-contact:auto:100 | pulling-head:auto:100 | late-timing:auto:100,Inconsistent / weak contact | Pulling head / eyes off ball | Late / poor timing,inconsistent-contact | pulling-head | late-timing
5381544c-f5e5-4e30-a9e8-fe049a090a07,Happy Gilmore / Walking Load Drill,8-12,"Step back with your back foot, then drive forward and swing — like Happy Gilmore! Feel how much FASTER your bat moves with all that momentum? That hip drive is real power. You won't swing like this in a game, but now you know what using your whole body feels like. Use THAT feeling.",YouGoProBaseball,passive swing | no lower-body involvement | weak contact | slow bat speed,both,2026-02-23T03:42:23.282295+00:00,,"Named after Adam Sandler's movie character, players take a walking step behind them before launching into their swing. This exaggerated drill teaches how lower body momentum dramatically amplifies bat speed and power, giving young players a visceral feel for hip-driven force.",Intermediate,,Batting tee | bat | baseballs | net or cage,,,Both,12,momentum | hip drive | explosive weight transfer | creating bat speed through body movement,8,hitting,,,false,,,Hitting,,Medium,approved,,,https://img.youtube.com/vi/3Xqb7j2BYTU/hqdefault.jpg,2026-02-23T03:42:23.282295+00:00,,,https://www.youtube.com/watch?v=3Xqb7j2BYTU,3Xqb7j2BYTU,3,late-timing:auto:100 | inconsistent-contact:auto:100 | flying-open:auto:100,Late / poor timing | Inconsistent / weak contact | Flying open / no load,late-timing | inconsistent-contact | flying-open
ca7017e4-6fa1-4440-8d93-e08dd55eeaa8,Two-Strike Hitting Adjustment Drill,8-12,"With two strikes, choke up 1-2 inches on the bat. Widen your stance a little. Make a shorter stride. Your job now is to PUT THE BALL IN PLAY — no strikeouts! Protect the plate and go to the opposite field if you have to. A two-strike hit is one of the best feelings in baseball.",YouGotMOJO,same swing in all counts | poor two-strike discipline | panic with two strikes | swinging at bad pitches,both,2026-02-23T03:42:23.282295+00:00,,"Players practice making adjustments with two strikes — choking up on the bat, widening their stance slightly, shortening their stride, and prioritizing making contact over power. Coach emphasizes different mental approach with two strikes versus 0-0 count.",Intermediate,,Batting tee or pitching machine | bat | baseballs | net,,,Both,12,two-strike approach | choke up | contact swing | plate coverage,8,hitting,,,true,,,Hitting,,Medium,approved,,,https://img.youtube.com/vi/gOE484Meo_o/hqdefault.jpg,2026-02-23T03:42:23.282295+00:00,,,https://www.youtube.com/watch?v=gOE484Meo_o,gOE484Meo_o,1,two-strike-approach:auto:100,Two-strike approach,two-strike-approach
6d491e2a-be0d-4c9a-94c4-6d66f6d6bfb8,The Track and Catch Drill — Head on the Ball,6-10,"Swing — and try to CATCH the ball at the contact point! You can't catch what you can't see. That means you have to keep your eyes on the ball ALL the way through your swing. If you miss the catch, your head moved. Freeze at contact and look at where the ball is.",YouGotMOJO,pulling head | looking away before contact | losing track of ball | poor hand-eye coordination,both,2026-02-23T03:42:23.282295+00:00,,Players take their normal swing but at the moment of contact they freeze and catch the ball with their free hand. This forces them to keep their head completely still and eyes locked on the ball all the way through the contact zone — fixing the most common youth hitting problem.,Beginner,,Soft toss balls | bat | open space,,,Both,10,head position | eye tracking | keeping head on ball through contact,6,hitting,,,true,,,Hitting,,Small,approved,,,https://img.youtube.com/vi/gOE484Meo_o/hqdefault.jpg,2026-02-23T03:42:23.282295+00:00,,,https://www.youtube.com/watch?v=gOE484Meo_o,gOE484Meo_o,2,pulling-head:auto:100 | inconsistent-contact:auto:100,Pulling head / eyes off ball | Inconsistent / weak contact,pulling-head | inconsistent-contact
62b2ed36-03da-4e9d-a424-1d94620fde7d,Machine-Fed Relay Sequences at Game Speed,13-16,Machine or fungo fires balls into the gaps on a fixed interval so tempo never drops. Run double-cut sequences on balls to the wall. Score runs-prevented vs. bases-gained to make it competitive between defensive groups.,ATEC Sports,slow relay throws | misses the cutoff man | poor relays,both,2026-08-04T15:36:04.815116+00:00,,"Game-speed cutoff and relay team sequences modeled on Vanderbilt's practice, using machine-fed balls to rep full outfield-to-infield relays at high tempo.",Advanced,,pitching machine or fungo | baseballs | bases,,1x/week for advanced teams,Outdoor,16,full-speed relays | double cuts | tempo,13,Cutoffs & relays,4,3 rounds of 5 relay sequences at full speed,true,Full-intensity relay throws count toward daily throwing volume — run this early in practice on fresh arms.,Throwing accuracy,Team Defense,ai_expansion_008,Full field,approved,Relay throws are caught chest-high moving toward the target | Double cut executes with the trail man communicating | Sequence time from outfield touch to tag drops week over week,cutoffs | relays | game speed | machine | advanced,https://img.youtube.com/vi/TJXQiYdueQc/hqdefault.jpg,2026-08-04T15:36:04.815116+00:00,2026-08-06T18:39:22.410256+00:00,,https://www.youtube.com/watch?v=TJXQiYdueQc,TJXQiYdueQc,1,cutoffs-relays:curated:4,Misses the cutoff man / poor relays,cutoffs-relays
4483bfeb-19df-401b-97ce-6f97e527a99b,Stance Drill,6-12,Athletic position. Knees bent. Weight balanced.,YouGoProBaseball,standing upright | poor balance,both,2026-02-23T03:42:23.282295+00:00,,Work on proper batting stance fundamentals.,Beginner,,Bat,,,Both,12,stance | balance | posture,6,hitting,,,false,,,Hitting,,Small,approved,,,https://img.youtube.com/vi/UeJpXF55kvs/hqdefault.jpg,2026-02-23T03:42:23.282295+00:00,,,https://www.youtube.com/watch?v=UeJpXF55kvs,UeJpXF55kvs,1,lunging:auto:100,Lunging / poor balance,lunging
73c7c466-4de3-45a1-ad1b-bfc7100bb5a0,Youth Pitching Mechanics — Complete Step-by-Step Breakdown,8-12,"Let's build your delivery one piece at a time: (1) Grip the ball across the seams, (2) Get balanced on your back leg, (3) Lead with your hip toward home plate, (4) Keep your elbow at shoulder height, (5) Finish by throwing your arm down across your body. Master each step before moving on.",Dan Blewett,no balance point | rushing delivery | low arm slot | poor follow-through | inconsistent release point,both,2026-02-23T03:51:02.966737+00:00,,"Former professional pitcher Dan Blewett walks through the complete pitching motion step-by-step, explaining every phase in simple language a youth player can understand. Covers grip, balance point, hip lead, arm action, and finish — the definitive beginner pitching mechanics reference.",Beginner,,Baseball | glove | mound or flat ground | catcher or target,,,Outdoor,12,complete pitching delivery | grip | stance | leg lift | stride | arm action | follow-through,8,pitching,,,true,,,Pitching,,Full Field,approved,,,https://img.youtube.com/vi/4NOo7JSK6eA/hqdefault.jpg,2026-02-23T03:51:02.966737+00:00,,,https://www.youtube.com/watch?v=4NOo7JSK6eA,4NOo7JSK6eA,4,inconsistent-release:auto:100 | rushing-delivery:auto:100 | low-arm-slot:auto:100 | balance-leg-lift:auto:100,Inconsistent release / command | Rushing the delivery | Low arm slot / sidearm | Poor balance at leg lift / falls off,inconsistent-release | rushing-delivery | low-arm-slot | balance-leg-lift
03eab7d0-7e67-4143-91e5-b8e4e783014a,The Rocker Drill — Hip Lead & Weight Shift,8-12,"Rock back on your back foot... now drive your HIP toward home plate — not your shoulder! Your hip goes first, your arm follows. Feel like your shoulders are tilting uphill as you stride. If your shoulder gets to home plate before your hip does, you've leaked your energy and lost command.",Dan Blewett,leaking weight forward | no hip lead | downhill shoulders | low arm slot | slinging the ball,both,2026-02-23T03:51:02.966737+00:00,,Dan Blewett's signature drill used throughout his professional career. Pitchers rock their weight back then drive their front hip toward home plate before the arm begins. Trains the hip lead action that keeps weight back and creates uphill shoulders — the most important mechanical fix for youth pitchers who lose velocity and command.,Intermediate,,Baseball | glove | flat ground | catcher or net target,,,Both,12,hip lead | weight shift | front side | uphill shoulders,8,pitching,,,true,,,Pitching,,Medium,approved,,,https://img.youtube.com/vi/4NOo7JSK6eA/hqdefault.jpg,2026-02-23T03:51:02.966737+00:00,,,https://www.youtube.com/watch?v=4NOo7JSK6eA,4NOo7JSK6eA,4,low-arm-slot:auto:100 | throwing-mechanics:auto:100 | no-hip-lead:auto:100 | lunging:auto:100,Low arm slot / sidearm | Poor throwing mechanics | No hip lead / separation | Lunging / poor balance,low-arm-slot | throwing-mechanics | no-hip-lead | lunging
b22aa9c8-7cd1-4dc0-bba3-c66b03396e21,The Heel-Toe Drill — Front Foot Landing,8-12,"When your front foot lands, try to land on your heel and keep your toes pointing slightly toward third base (for righties). Don't let your foot turn open toward home plate. If your front foot is open when you land, your hip rotation disappears. Heel down, toes slightly in — then rotate through it.",Dan Blewett,landing open (turned out front foot) | losing hip rotation power | striding across body | poor stride direction,both,2026-02-23T03:51:02.966737+00:00,,"A simple drill from Dan Blewett where pitchers focus on landing with their front foot heel first — slightly closed (toed inward). This position keeps the hips loaded and prevents the common fault of landing with the foot turned out, which bleeds power and reduces command.",Beginner,,Baseball | glove | flat ground or mound | catcher or target,,,Outdoor,12,front foot landing | stride direction | closed front foot | hip load,8,pitching,,,true,,,Pitching,,Medium,approved,,,https://img.youtube.com/vi/4NOo7JSK6eA/hqdefault.jpg,2026-02-23T03:51:02.966737+00:00,,,https://www.youtube.com/watch?v=4NOo7JSK6eA,4NOo7JSK6eA,2,stepping-in-bucket:auto:100 | inaccurate-throws:auto:100,Steps in the bucket | Inaccurate throws,stepping-in-bucket | inaccurate-throws
25b42f9f-7769-47ac-ad0e-f9140091660e,The Lawnmower Drill — Arm Action & Wrist Snap,8-12,"Pull your arm like you're starting a lawnmower — fast and loose! Your arm should feel like a wet noodle, not a stiff board. Snap your wrist at the bottom of the pull. The faster and looser your arm feels, the better. Tight arms lose velocity — stay relaxed!",Dan Blewett,stiff arm action | poor wrist snap | tight arm | short-arming | no arm extension through release,both,2026-02-23T03:51:02.966737+00:00,,"Named for the pulling motion of starting a lawnmower, this Dan Blewett drill isolates the arm action and wrist snap phase of the delivery. Pitchers pull their arm down and through — mimicking the lawnmower pull — building a loose, whip-like arm action and proper wrist snap without throwing a ball.",Beginner,,Baseball | glove | flat ground or mound,,,Both,12,arm action | wrist snap | arm extension | loose arm | pronation,8,pitching,,,false,,,Pitching,,Small,approved,,,https://img.youtube.com/vi/9EAbFFMBBGE/hqdefault.jpg,2026-02-23T03:51:02.966737+00:00,,,https://www.youtube.com/watch?v=9EAbFFMBBGE,9EAbFFMBBGE,2,short-arming:auto:100 | no-wrist-snap:auto:100,Short-arming | No wrist snap,short-arming | no-wrist-snap
6829d43b-3680-4524-bc97-16cb75d645a0,Stride Drill,7-12,Land your front foot just to the left of the line (for righties).,ARM Pitching Development,striding across body | inconsistent stride,both,2026-02-23T03:51:02.966737+00:00,,Use chalk line to check stride direction.,Beginner,,Baseball | glove | chalk or tape,,,Outdoor,12,stride direction | stride length,7,pitching,,,true,,,Pitching,,Medium,approved,,,https://img.youtube.com/vi/McHb2hXrTrE/hqdefault.jpg,2026-02-23T03:51:02.966737+00:00,,,https://www.youtube.com/watch?v=McHb2hXrTrE,McHb2hXrTrE,3,inconsistent-stride:auto:100 | stepping-in-bucket:auto:100 | inaccurate-throws:auto:100,Inconsistent stride / lands off-line | Steps in the bucket | Inaccurate throws,inconsistent-stride | stepping-in-bucket | inaccurate-throws
dac833d7-c4f6-42ce-8409-ea83dd77fa65,Two-Base Pickle Drill,8-12,"Cue 'run him back, ball up by your ear, one throw.' The receiving fielder calls 'now!' for the throw. Rotate every player through both fielder spots and runner. Count throws out loud — celebrate one-throw outs.",GoDog Sports,panics in rundowns | too many throws in rundowns | runner escapes rundowns,both,2026-08-04T15:36:04.815116+00:00,,"A simple pickle setup — two bases, two fielders, one runner — teaching kids to run hard at the runner, hold the ball up, and make one crisp throw for the tag.",Beginner,,2 bases | baseballs,,Weekly,Outdoor,12,ball up and visible | run at the runner | one-throw finish,8,Rundowns,2,Each player: 4-6 reps per role,true,"Runners wear helmets; tags applied with the glove, no arm swings at head height.",Throwing accuracy,Team Defense,ai_expansion_008,Medium,approved,Fielder sprints at the runner instead of hesitating | Ball stays visible above the shoulder — no pump fakes | Most outs recorded in two throws or fewer,rundown | pickle | tags,https://img.youtube.com/vi/OEYEvKRh2eQ/hqdefault.jpg,2026-08-04T15:36:04.815116+00:00,2026-08-06T18:39:22.410256+00:00,,https://www.youtube.com/watch?v=OEYEvKRh2eQ,OEYEvKRh2eQ,1,rundowns:curated:1,Panics in rundowns,rundowns
a559ea0e-7d73-4920-905f-ccb86e117f4e,Flamingo Balance Drill — Single-Leg Stability,6-10,"Stand on one foot like a flamingo — arms out to the side. How long can you hold it without putting your other foot down? Try to work up to 30 seconds. Close your eyes for an extra challenge! Strong balance = strong pitching. Practice this every day, even at home while watching TV.",YouGotMOJO,poor balance | wobbly delivery | falling off to the side | weak core control,both,2026-02-23T03:51:02.966737+00:00,,"Players stand on one leg like a flamingo for increasing time periods — 5 seconds, 10 seconds, 30 seconds. This simple pre-pitching balance drill builds the single-leg stability every pitcher needs to maintain balance throughout their delivery without any baseball equipment required.",Beginner,,No equipment needed,,,Both,10,single-leg balance | core stability | ankle stability | body control,6,pitching,,,false,,,Pitching,,Small,approved,,,https://img.youtube.com/vi/ImeXGqKYP7Y/hqdefault.jpg,2026-02-23T03:51:02.966737+00:00,,,https://www.youtube.com/watch?v=ImeXGqKYP7Y,ImeXGqKYP7Y,2,lunging:auto:100 | balance-leg-lift:auto:100,Lunging / poor balance | Poor balance at leg lift / falls off,lunging | balance-leg-lift
93cf7e08-9bd0-48c3-a344-26e092c651e7,Towel Drill — Arm Speed & Release Point,7-12,"Hold the towel and throw your complete delivery — try to snap the towel on the target out in front! If you can't reach the target, your release point is too far back. If you overshoot it, you're releasing too late. Snap it right at the target. This drill is great to do every day — no arm fatigue, full mechanics practice!",YouGotMOJO,short-arming | poor extension | inconsistent release point | slowing arm at release,both,2026-02-23T03:51:02.966737+00:00,,"The pitcher holds a folded dish towel instead of a ball and goes through their complete delivery. A partner or cone is placed at the expected release point distance, and the pitcher snaps the towel to tag it. No arm strain, full mechanics — teaches proper extension and a consistent forward release point without putting stress on the arm.",Beginner,,Dish towel or small cloth | no ball needed,,,Both,12,arm speed | release point consistency | extension | stride direction,7,pitching,,,true,,,Pitching,,Medium,approved,,,https://img.youtube.com/vi/ImeXGqKYP7Y/hqdefault.jpg,2026-02-23T03:51:02.966737+00:00,,,https://www.youtube.com/watch?v=ImeXGqKYP7Y,ImeXGqKYP7Y,3,barring-arm:auto:100 | inconsistent-release:auto:100 | short-arming:auto:100,Barring front arm / disconnected | Inconsistent release / command | Short-arming,barring-arm | inconsistent-release | short-arming
94124e82-c8f2-411b-9daa-f0a1a176663e,Kneel-Down (Wrist Snap) Drill — Release Point & Backspin,6-10,"From your knees, throw only using your forearm and wrist — everything below your elbow. Snap your wrist through the ball and try to put backspin on it. The ball should spin straight back at you like a wheel — not sideways. Feel your fingers pull down the back of the ball as you release. That's what creates a good fastball.",ARM Pitching Development,no wrist snap | no backspin on fastball | releasing ball too early | throwing with entire arm not forearm/wrist,both,2026-02-23T03:51:02.966737+00:00,,"Both pitcher and partner kneel on the ground, 15-20 feet apart. From this position, players throw using only their forearm and wrist snap — no lower body, no shoulder rotation. Isolates the final critical phase of ball release and teaches proper backspin and wrist mechanics from close range.",Beginner,,Baseball | glove | partner or net,,,Both,10,wrist snap | release point | 4-seam backspin | arm extension from elbow,6,pitching,,,true,,,Pitching,,Small,approved,,,https://img.youtube.com/vi/McHb2hXrTrE/hqdefault.jpg,2026-02-23T03:51:02.966737+00:00,,,https://www.youtube.com/watch?v=McHb2hXrTrE,McHb2hXrTrE,3,no-wrist-snap:auto:100 | throwing-mechanics:auto:100 | inconsistent-release:auto:100,No wrist snap | Poor throwing mechanics | Inconsistent release / command,no-wrist-snap | throwing-mechanics | inconsistent-release
ffc26e2a-7801-42b7-b610-9a996527e638,Square Hips / Hip Lock Drill — Hip-Shoulder Separation,9-12,"When your front foot hits the ground, try to square your HIPS to home plate — but keep your throwing shoulder back as long as possible. Feel the twist in your core? That's separation — that's where your velocity comes from! The longer you can keep your shoulder back before it fires, the more power you'll generate.",Dan Blewett,hips and shoulders rotating together (no separation) | weak velocity | poor command | flying open early,both,2026-02-23T03:51:02.966737+00:00,,"Pitchers work on squaring their hips to the plate at front foot landing while keeping their throwing shoulder back. The drill teaches the critical separation between hip rotation (early) and shoulder rotation (later) that creates torque and velocity. The harder the hip locks, the harder the shoulder and arm whip through.",Intermediate,,Baseball | glove | flat ground or mound | target or catcher,,,Both,12,hip-shoulder separation | front hip locking | torque generation | controlled hip rotation,9,pitching,,,true,,,Pitching,,Medium,approved,,,https://img.youtube.com/vi/4NOo7JSK6eA/hqdefault.jpg,2026-02-23T03:51:02.966737+00:00,,,https://www.youtube.com/watch?v=4NOo7JSK6eA,4NOo7JSK6eA,4,flying-open:auto:100 | no-hip-lead:auto:100 | inconsistent-release:auto:100 | weak-throws:auto:100,Flying open / no load | No hip lead / separation | Inconsistent release / command | Weak throws / arm strength,flying-open | no-hip-lead | inconsistent-release | weak-throws
f47eba7c-bf41-4e1a-8a65-882f6fdcb0b1,Stride Direction Drill — Using a Chalk Line or Tape,7-12,"See this line? Your front foot should land just a little bit to the left of this line (for righties). Not crossing over it, not way off to the side — right next to it. Check where your foot lands after every throw. Landing on the line gives you the best chance to throw the ball straight to the plate.",ARM Pitching Development,striding across body (arm-side) | striding too far open (glove-side) | inconsistent stride length | landing off-line,both,2026-02-23T03:51:02.966737+00:00,,A chalk line or tape strip is placed from the pitcher's rubber toward home plate. Pitchers work on landing their front foot just to the glove side of the line — stride direction that lines up their delivery toward the plate and prevents the common flaws of striding across or too far open.,Beginner,,Baseball | glove | chalk or tape | flat ground or mound,,,Outdoor,12,stride direction | stride length | landing spot consistency | front foot position,7,pitching,,,true,,,Pitching,,Medium,approved,,,https://img.youtube.com/vi/McHb2hXrTrE/hqdefault.jpg,2026-02-23T03:51:02.966737+00:00,,,https://www.youtube.com/watch?v=McHb2hXrTrE,McHb2hXrTrE,1,inconsistent-stride:auto:100,Inconsistent stride / lands off-line,inconsistent-stride
77722605-74bc-44b8-9581-fdd1c7d9a4d3,Wrist Snap Drill,6-10,Snap your wrist and pull your fingers down the back of the ball.,ARM Pitching Development,no wrist snap | poor spin,both,2026-02-23T03:51:02.966737+00:00,,Isolate wrist snap for proper ball rotation.,Beginner,,Baseball,,,Both,10,wrist snap | backspin,6,pitching,,,true,,,Pitching,,Small,approved,,,https://img.youtube.com/vi/McHb2hXrTrE/hqdefault.jpg,2026-02-23T03:51:02.966737+00:00,,,https://www.youtube.com/watch?v=McHb2hXrTrE,McHb2hXrTrE,2,inconsistent-release:auto:100 | no-wrist-snap:auto:100,Inconsistent release / command | No wrist snap,inconsistent-release | no-wrist-snap
fd2b2033-22ec-48f1-96c9-646bb2a1a6f3,In-Swing Off-Speed Adjustment,12-16,"Machine or feeder mixes speeds with a 2:1 fastball bias. Cue 'swing fastball, adjust down and long' — the barrel stays through the hitting zone so late recognition still produces fair contact. Track hard-hit rate on the off-speed only.",Dominate The Diamond,can't hit offspeed | can't hit the changeup | fooled by slow pitches,both,2026-08-04T15:36:04.815116+00:00,,"The correct in-swing adjustment when a hitter recognizes off-speed mid-pitch — keeping the barrel in the zone instead of rolling over, for hitters facing pitchers who mix speeds.",Advanced,,bat | balls | front-toss screen or machine,,1-2x/week,Indoor/Outdoor,16,mid-pitch adjustment | barrel in the zone | posture hold,12,Off-speed hitting,4,4 rounds of 10 mixed pitches,true,,Barrel control,Hitting,ai_expansion_008,Medium,approved,Off-speed contact goes up the middle or oppo instead of weak pull-side | Posture holds through the adjusted swing | Hard-hit rate on off-speed climbs over 3-4 sessions,offspeed | adjustment | barrel control | advanced,https://img.youtube.com/vi/oCq8NblqfQE/hqdefault.jpg,2026-08-04T15:36:04.815116+00:00,2026-08-06T18:39:22.410256+00:00,,https://www.youtube.com/watch?v=oCq8NblqfQE,oCq8NblqfQE,1,cant-hit-offspeed:curated:3,Fooled by off-speed / poor pitch recognition,cant-hit-offspeed
b1c3653c-82a0-446e-a9cb-0dd5ebf09864,Glove-Side Pull Drill — Front Side Control,8-12,"Point your glove toward home plate as you stride. Then as you throw, pull your elbow tight back into your ribs — don't let your glove arm flop out to the side like a wet noodle. When your glove goes IN, your chest goes FORWARD. That's what drives you toward the plate and makes you throw harder.",Dan Blewett,glove arm flopping out to the side | early opening | losing front side | sling arm action,both,2026-02-23T03:51:02.966737+00:00,,"Pitchers focus specifically on their glove arm — extending it toward the target during stride, then pulling it compactly into the ribs as the shoulder rotates. Proper glove-side control drives the chest toward the target and stabilizes the front side, increasing velocity and command.",Intermediate,,Baseball | glove | flat ground or mound | catcher or target,,,Outdoor,12,glove arm control | front side stability | chest drive | glove pull-in,8,pitching,,,true,,,Pitching,,Medium,approved,,,https://img.youtube.com/vi/4NOo7JSK6eA/hqdefault.jpg,2026-02-23T03:51:02.966737+00:00,,,https://www.youtube.com/watch?v=4NOo7JSK6eA,4NOo7JSK6eA,2,throwing-mechanics:auto:100 | no-hip-lead:auto:100,Poor throwing mechanics | No hip lead / separation,throwing-mechanics | no-hip-lead
868fa15d-bfde-4487-83af-d5b27e8962ba,9 Best Pitching Drills for Kids — Full Progression,6-12,"Work through each drill in order — they build on each other. Start with balance, then add the stride, then add the arm, then put it all together. Don't rush to throw full speed until each piece feels right. Great mechanics practiced slowly become great mechanics at full speed.",YouGotMOJO,poor balance | weak follow-through | inconsistent arm slot | rushing the delivery | poor glove use,both,2026-02-23T03:51:02.966737+00:00,,"MOJO Sports presents 9 sequential pitching drills for kids including Flamingo (single-leg stability), Balance Beam (stride path with cones), Kneel of Fortune (upper body rotation), Towel Slap (arm extension), and more. A complete age-appropriate progression for coaches running youth pitching stations.",Beginner,,Baseball | glove | towel | cones | mound or flat ground,,,Both,12,balance | arm speed | stride mechanics | follow-through | glove use | posture,6,pitching,,,true,,,Pitching,,Medium,approved,,,https://img.youtube.com/vi/ImeXGqKYP7Y/hqdefault.jpg,2026-02-23T03:51:02.966737+00:00,,,https://www.youtube.com/watch?v=ImeXGqKYP7Y,ImeXGqKYP7Y,4,no-follow-through-throw:auto:100 | lunging:auto:100 | low-arm-slot:auto:100 | rushing-delivery:auto:100,No follow-through (throwing) | Lunging / poor balance | Low arm slot / sidearm | Rushing the delivery,no-follow-through-throw | lunging | low-arm-slot | rushing-delivery
41ff62cc-fb54-4266-8d0c-083a1c341161,Follow-Through Hold Drill — Finishing Strong,7-12,"After you throw, FREEZE in your finish position. Check yourself: Is your back leg up behind you? Is your chest over your front knee? Is your throwing hand down by your opposite hip? Are you ready to field a grounder? Hold it for 3 seconds. That's a complete, balanced finish.",ARM Pitching Development,stopping arm short | no follow-through | not finishing in fielding position | arm drag,both,2026-02-23T03:51:02.966737+00:00,,"After each pitch, the pitcher holds their finish position for 2-3 seconds. Checks for proper follow-through: back leg kicked up, chest over front knee, throwing hand by opposite hip, ready to field. Reinforces complete arm deceleration and finishing in an athletic fielding-ready position.",Beginner,,Baseball | glove | mound or flat ground | catcher or target,,,Outdoor,12,follow-through | finish position | back leg lift | fielding position | deceleration,7,pitching,,,true,,,Pitching,,Medium,approved,,,https://img.youtube.com/vi/McHb2hXrTrE/hqdefault.jpg,2026-02-23T03:51:02.966737+00:00,,,https://www.youtube.com/watch?v=McHb2hXrTrE,McHb2hXrTrE,2,no-follow-through-throw:auto:100 | short-arming:auto:100,No follow-through (throwing) | Short-arming,no-follow-through-throw | short-arming
14e902d5-2cfc-47fc-8670-52a5b8942f45,Rocker Drill,8-12,"Rock back, then drive your HIP first — not your shoulder!",Dan Blewett,leaking weight | no hip lead,both,2026-02-23T03:51:02.966737+00:00,,Rock back then drive hip toward home plate before arm begins.,Intermediate,,Baseball | glove,,,Both,12,hip lead | weight shift,8,pitching,,,true,,,Pitching,,Medium,approved,,,https://img.youtube.com/vi/4NOo7JSK6eA/hqdefault.jpg,2026-02-23T03:51:02.966737+00:00,,,https://www.youtube.com/watch?v=4NOo7JSK6eA,4NOo7JSK6eA,2,lunging:auto:100 | no-hip-lead:auto:100,Lunging / poor balance | No hip lead / separation,lunging | no-hip-lead
22aad66e-9d36-4b43-9d87-5b402d6621a0,Balance Drill,6-12,Lift your knee and STOP. Hold for 2 seconds without wobbling.,YouGotMOJO,poor balance | rushing,both,2026-02-23T03:51:02.966737+00:00,,Lift knee to belt buckle and hold for 2-3 seconds.,Beginner,,Baseball | glove,,,Both,12,balance | leg lift,6,pitching,,,false,,,Pitching,,Small,approved,,,https://img.youtube.com/vi/ImeXGqKYP7Y/hqdefault.jpg,2026-02-23T03:51:02.966737+00:00,,,https://www.youtube.com/watch?v=ImeXGqKYP7Y,ImeXGqKYP7Y,2,lunging:auto:100 | rushing-delivery:auto:100,Lunging / poor balance | Rushing the delivery,lunging | rushing-delivery
efc92935-5d8b-48d1-b56a-ac965f0f3716,Towel Snap Drill,7-12,Snap the towel on the target out in front!,YouGotMOJO,short-arming | poor extension,both,2026-02-23T03:51:02.966737+00:00,,Use towel instead of ball to work on extension and release point.,Beginner,,Towel,,,Both,12,arm speed | extension,7,pitching,,,true,,,Pitching,,Medium,approved,,,https://img.youtube.com/vi/ImeXGqKYP7Y/hqdefault.jpg,2026-02-23T03:51:02.966737+00:00,,,https://www.youtube.com/watch?v=ImeXGqKYP7Y,ImeXGqKYP7Y,2,barring-arm:auto:100 | short-arming:auto:100,Barring front arm / disconnected | Short-arming,barring-arm | short-arming
7d82c674-bbcf-44da-99cf-4c1a8e1c123f,Knee Drill,6-10,"From your knees, snap your wrist through the ball for backspin.",ARM Pitching Development,no wrist snap | poor backspin,both,2026-02-23T03:51:02.966737+00:00,,Kneel and throw using only forearm and wrist.,Beginner,,Baseball,,,Both,10,wrist snap | backspin,6,pitching,,,true,,,Pitching,,Small,approved,,,https://img.youtube.com/vi/McHb2hXrTrE/hqdefault.jpg,2026-02-23T03:51:02.966737+00:00,,,https://www.youtube.com/watch?v=McHb2hXrTrE,McHb2hXrTrE,2,no-wrist-snap:auto:100 | inconsistent-release:auto:100,No wrist snap | Inconsistent release / command,no-wrist-snap | inconsistent-release
1cf0e1cf-3ea6-4610-85ab-73cad0708d37,Leg Lift Drill,6-12,Lift your knee to your belt and hold steady.,YouGotMOJO,poor balance | rushing,both,2026-02-23T03:51:02.966737+00:00,,Practice leg lift to balance point and hold.,Beginner,,Baseball | glove,,,Both,12,balance | leg lift height,6,pitching,,,false,,,Pitching,,Small,approved,,,https://img.youtube.com/vi/ImeXGqKYP7Y/hqdefault.jpg,2026-02-23T03:51:02.966737+00:00,,,https://www.youtube.com/watch?v=ImeXGqKYP7Y,ImeXGqKYP7Y,2,lunging:auto:100 | rushing-delivery:auto:100,Lunging / poor balance | Rushing the delivery,lunging | rushing-delivery
e5d28c39-30b0-48fd-9534-8a43cd8154db,Hip Lead Drill,8-12,"Your hip goes first, your arm follows.",Dan Blewett,no hip lead | leaking,both,2026-02-23T03:51:02.966737+00:00,,Focus on leading with hip toward home plate.,Intermediate,,Baseball | glove,,,Both,12,hip lead | weight shift,8,pitching,,,true,,,Pitching,,Medium,approved,,,https://img.youtube.com/vi/4NOo7JSK6eA/hqdefault.jpg,2026-02-23T03:51:02.966737+00:00,,,https://www.youtube.com/watch?v=4NOo7JSK6eA,4NOo7JSK6eA,2,lunging:auto:100 | no-hip-lead:auto:100,Lunging / poor balance | No hip lead / separation,lunging | no-hip-lead
45f3c274-4d4c-473f-bb3a-a74ecd64ef04,Follow Through Drill,7-12,FREEZE in your finish. Check your position for 3 seconds.,ARM Pitching Development,stopping short | no follow-through,both,2026-02-23T03:51:02.966737+00:00,,Hold finish position after each pitch.,Beginner,,Baseball | glove,,,Outdoor,12,follow-through | finish position,7,pitching,,,true,,,Pitching,,Medium,approved,,,https://img.youtube.com/vi/McHb2hXrTrE/hqdefault.jpg,2026-02-23T03:51:02.966737+00:00,,,https://www.youtube.com/watch?v=McHb2hXrTrE,McHb2hXrTrE,2,short-arming:auto:100 | no-follow-through-throw:auto:100,Short-arming | No follow-through (throwing),short-arming | no-follow-through-throw
02521925-f738-4f32-a8e5-cc2951732244,10 Best Baseball Throwing Drills for Kids — Full Progression,6-12,"Every good throw starts the same way: (1) Find the seams and grip the ball, (2) Step toward your target with your front foot, (3) Point your glove at the target, (4) Throw and finish with your arm across your body. Practice that pattern on every single throw — not just in drills, but in warm-up catch too.",YouGotMOJO,no stepping toward target | sidearm throws | bad grip | no follow-through | throwing across body,both,2026-02-23T04:46:32.289399+00:00,,YouGotMOJO's definitive kids throwing drill video covers 10 sequential activities — from Extreme Catch (arm strength) to Bullseye (accuracy) to Over-Under (glove adaptability). Endorsed by WYAA and ideal for running as a full throwing station with ages 6-12.,Beginner,,Baseballs | gloves | cones | targets (optional),,,Both,12,complete throwing mechanics | footwork | accuracy | arm strength | catch-and-throw sequence,6,throwing,,,true,,,Throwing,,Medium,approved,,,https://img.youtube.com/vi/YRAjMC5F4sg/hqdefault.jpg,2026-02-23T04:46:32.289399+00:00,,,https://www.youtube.com/watch?v=YRAjMC5F4sg,YRAjMC5F4sg,3,no-follow-through-throw:auto:100 | low-arm-slot:auto:100 | inaccurate-throws:auto:100,No follow-through (throwing) | Low arm slot / sidearm | Inaccurate throws,no-follow-through-throw | low-arm-slot | inaccurate-throws
69d859e5-5214-4b2d-b42f-07fcc56ff519,"Throwing Progression for Youth Players — Knee, Hip, Full",6-12,"We build your throw in three steps. First, from your knees — throw only using your arm and wrist snap. Second, stand wide and add a hip turn. Third, full throw with a step. Each step adds one more piece until you have the whole throw working together. Go slow first, then speed it up.",Dominate the Diamond,throwing with only the arm | no torso rotation | elbow dropping below shoulder | no follow-through,both,2026-02-23T04:46:32.289399+00:00,,"Coach Duke and Coach Steve from Dominate the Diamond walk through the three-phase throwing progression: (1) kneeling throw to isolate arm action, (2) hip-width stance to add torso rotation, (3) full throw with stride. Endorsed by WYAA as a top youth throwing resource.",Beginner,,Baseballs | gloves,,,Both,12,arm action | wrist snap | upper body rotation | hip engagement | full throwing motion sequencing,6,throwing,,,true,,,Throwing,,Medium,approved,,,https://img.youtube.com/vi/77r6mWAUecA/hqdefault.jpg,2026-02-23T04:46:32.289399+00:00,,,https://www.youtube.com/watch?v=77r6mWAUecA,77r6mWAUecA,3,throwing-mechanics:auto:100 | low-arm-slot:auto:100 | no-follow-through-throw:auto:100,Poor throwing mechanics | Low arm slot / sidearm | No follow-through (throwing),throwing-mechanics | low-arm-slot | no-follow-through-throw
91bc52cf-a234-4ad3-97a6-6df6038c752c,Game-Speed Rundown Execution,12-16,"Use your fastest players as runners and score it: out in ≤2 throws = defense wins. Cue 'sprint, show, dart' — full-speed close, ball shown early, short dart throw on the receiver's call. Rotate at full speed.",Antonelli Baseball,runner escapes rundowns | panics in rundowns | doesn't follow the throw,both,2026-08-04T15:36:04.815116+00:00,,"Pro-level rundown execution at game speed — sprinting to close distance, ball visible above the shoulder, dart-throw timing, and rotating behind the play.",Advanced,,bases | baseballs | fast runners,,1x/week in-season,Outdoor,16,closing speed | dart throw timing | rotation depth,12,Rundowns,4,"8-10 competitive reps, scored",true,"Game-speed dart throws at short range demand focus — receivers give a clear target away from the runner's head, and runners wear helmets.",Transfer,Team Defense,ai_expansion_008,Medium,approved,Defense wins 80% of reps vs. fast runners | Dart throws released on the receiver's call — never early | Rotation continues seamlessly through multiple throws when needed,rundown | pickle | game speed | advanced,https://img.youtube.com/vi/OAbBekHAk_g/hqdefault.jpg,2026-08-04T15:36:04.815116+00:00,2026-08-06T18:39:22.410256+00:00,,https://www.youtube.com/watch?v=OAbBekHAk_g,OAbBekHAk_g,1,rundowns:curated:3,Panics in rundowns,rundowns
d685834e-1b6a-45ad-b06a-d7cf63447eef,First Base Fundamentals — Finding the Bag & the Stretch,8-12,"Cue 'find it with your feet, face the thrower, stretch on release — not before.' Rep the footwork with no ball first: sprint to the bag from fielding depth, find it, set. Then add easy chest-high throws.",Ultimate Baseball Training,can't find the bag | stretches too early | first baseman fundamentals,both,2026-08-04T15:36:04.815116+00:00,,"Core first-base play: getting to the bag, setting the feet, and basic stretch mechanics to receive throws. The starting point before picks and off-line throws.",Beginner,,base | baseballs | first baseman's mitt (optional),,2x/week for first basemen,Outdoor,12,find the bag | heel on the bag | stretch timing,8,First-base footwork,2,"3 rounds of 8 reps (footwork only, then with throws)",true,,Receiving throws,Fielding (Infield),ai_expansion_008,Medium,approved,"Finds the bag without looking down | Stretch happens as the throw is released, not as the fielder arrives | Heel contact maintained through the catch",first base | footwork | stretch,https://img.youtube.com/vi/95B1kSchurQ/hqdefault.jpg,2026-08-04T15:36:04.815116+00:00,2026-08-06T18:39:22.410256+00:00,,https://www.youtube.com/watch?v=95B1kSchurQ,95B1kSchurQ,1,first-base-footwork:curated:1,Fumbles footwork around first base,first-base-footwork
a663b235-d115-4a52-a9d4-b33ba37e0e2a,Foul Line Throw — First Throw Introduction for Beginners,6-8,"Today we just throw. Line up on the line, step toward center field, and let it go! Do not worry about where it goes — just step and throw. We start with wiffle balls so there is no pressure. The only goal: step TOWARD where you want the ball to go before you throw it.",YouGotMOJO,fear of throwing | no step | stiff arm | no follow-through,both,2026-02-23T04:46:32.289399+00:00,,"A MOJO-recommended first-day throwing drill. Players line up on the foul line and throw into centerfield — no catching partner needed. Starts with wiffle balls for confidence, progresses to tennis then baseballs. Removes accuracy pressure and focuses purely on the step-and-throw motor pattern.",Beginner,,Wiffle balls | tennis balls | baseballs (progressive),,,Outdoor,8,first throw introduction | step-and-throw | arm extension | throwing without fear,6,throwing,,,false,,,Throwing,,Full Field,approved,,,https://img.youtube.com/vi/YRAjMC5F4sg/hqdefault.jpg,2026-02-23T04:46:32.289399+00:00,,,https://www.youtube.com/watch?v=YRAjMC5F4sg,YRAjMC5F4sg,3,inaccurate-throws:auto:100 | no-follow-through-throw:auto:100 | fear-of-ball:auto:100,Inaccurate throws | No follow-through (throwing) | Fear of the ball / turns away,inaccurate-throws | no-follow-through-throw | fear-of-ball
d873c9db-09cd-406c-b53b-fbd6d5033185,Wall Ball Solo Drill — Partner-Free Mechanics Builder,7-12,"Do not just throw for fun — practice your mechanics on EVERY throw. Grip, step, throw, follow through. When the ball comes back, grip it quick and throw again. Work up to 50 throws in a row with perfect mechanics. Players who practice right at home improve much faster than those who only work at team practice.",Dan Blewett,slow ball transfer | sloppy mechanics when unsupervised | poor rhythm,both,2026-02-23T04:46:32.289399+00:00,,"Dan Blewett's wall drill lets players practice full throwing mechanics solo. Throw against the wall, receive the rebound, and immediately throw again — building the catch-and-throw rhythm critical for all defensive positions. Perfect for home practice.",Beginner,,Tennis ball or baseball | wall or rebounder net,,,Both,12,throwing mechanics | quick transfer | catch-and-throw rhythm | accuracy,7,throwing,,,false,,,Throwing,,Small,approved,,,https://img.youtube.com/vi/4NOo7JSK6eA/hqdefault.jpg,2026-02-23T04:46:32.289399+00:00,,,https://www.youtube.com/watch?v=4NOo7JSK6eA,4NOo7JSK6eA,1,slow-transfer:auto:100,Slow transfer / exchange,slow-transfer
73f5fef2-af64-4577-998d-da854cebb0cf,Crow Hop — Arm Strength and Outfield Throwing,8-12,"The crow hop is like winding up a throw with your whole body. After you catch the ball: hop onto your throwing-side foot, then stride forward with your front foot and throw. Hop, stride, throw! You will throw much harder when your whole body moves toward the target. Practice from short distance first, then go longer.",Ultimate Baseball Training,throwing flat-footed from outfield | weak throws | no momentum | short-arming,both,2026-02-23T04:46:32.289399+00:00,,"Ultimate Baseball Training covers the crow hop — the skip-step used by outfielders to generate momentum before throwing. Correct footwork (hop, plant, stride, throw) multiplies power and distance. Essential for 8U+ players who play outfield and need to make longer throws.",Intermediate,,Baseball | glove | open field,,,Outdoor,12,crow hop footwork | momentum transfer | long throw mechanics | outfield throwing,8,throwing,,,true,,,Throwing,,Full Field,approved,,,https://img.youtube.com/vi/ZMuVnmUY2CI/hqdefault.jpg,2026-02-23T04:46:32.289399+00:00,,,https://www.youtube.com/watch?v=ZMuVnmUY2CI,ZMuVnmUY2CI,2,short-arming:auto:100 | weak-throws:auto:100,Short-arming | Weak throws / arm strength,short-arming | weak-throws
012241e0-c2ce-4a32-b037-39f90bd35437,Extreme Catch — Progressive Distance Arm Builder,7-12,"Every time you both catch it, take one step back. The goal: get as far apart as possible before someone drops it! To throw far, use everything we practiced — crow hop, full arm swing, throw over your front foot. The farther you get, the more your whole body has to work. Who can make it the farthest?",YouGotMOJO,weak throws | no challenge in regular catch | mechanical breakdown at distance,both,2026-02-23T04:46:32.289399+00:00,,Partners start close and take one step back each time both players catch cleanly. The pair that gets farthest wins. This game from YouGotMOJO builds arm strength naturally through progressive distance while keeping kids intensely engaged — the most game-like arm strength drill available.,Beginner,,Baseball | gloves | cones to mark distances,,,Outdoor,12,arm strength | progressive distance throwing | accuracy under increasing challenge,7,throwing,,,true,,,Throwing,,Full Field,approved,,,https://img.youtube.com/vi/YRAjMC5F4sg/hqdefault.jpg,2026-02-23T04:46:32.289399+00:00,,,https://www.youtube.com/watch?v=YRAjMC5F4sg,YRAjMC5F4sg,1,weak-throws:auto:100,Weak throws / arm strength,weak-throws
3269f5db-7541-42a7-b085-0b209f0dd8a6,Bullseye Challenge — Throwing Accuracy Competition,7-12,"Pick a spot on the target — the EXACT spot. Do not aim for the whole thing — aim for a spot the size of your fist. Before every throw, know exactly where you are throwing. Great throwers always have a precise target in mind. How many bullseyes in 10 throws? Challenge a teammate!",YouGotMOJO,inaccurate throws | no specific target focus | mechanical inconsistency | throwing without intent,both,2026-02-23T04:46:32.289399+00:00,,YouGotMOJO's Bullseye drill — players compete to hit a marked target at game-realistic distances. Points for hitting the bullseye create competitive pressure that simulates the focus needed to make accurate game throws.,Beginner,,Baseballs | gloves | strike zone target or bucket,,,Outdoor,12,throwing accuracy | repeatable mechanics | release point consistency,7,throwing,,,false,,,Throwing,,Medium,approved,,,https://img.youtube.com/vi/YRAjMC5F4sg/hqdefault.jpg,2026-02-23T04:46:32.289399+00:00,,,https://www.youtube.com/watch?v=YRAjMC5F4sg,YRAjMC5F4sg,1,inaccurate-throws:auto:100,Inaccurate throws,inaccurate-throws
726384a7-dacf-440b-8b42-381843a01722,Over-Under — Two Ways to Throw and Catch,6-10,"Two throws, two catches. First: regular overhand — partner catches fingers UP. Second: underhand flip — partner catches fingers DOWN. Stay ready because it alternates! Baseball players have to catch balls at every height — this drill builds that awareness fast.",YouGotMOJO,only knowing one glove position | no experience with underhand flips | stiff unfamiliar glove work,both,2026-02-23T04:46:32.289399+00:00,,"Partners practice two throw types in sequence: a regular overhand throw caught fingers up, then a short underhand flip caught fingers down. Trains the glove position awareness and quick adaptability all infielders need.",Beginner,,Baseballs | gloves,,,Both,10,glove position variation | fingers-up vs. fingers-down | overhand vs. underhand flip,6,throwing,,,true,,,Throwing,,Small,approved,,,https://img.youtube.com/vi/YRAjMC5F4sg/hqdefault.jpg,2026-02-23T04:46:32.289399+00:00,,,https://www.youtube.com/watch?v=YRAjMC5F4sg,YRAjMC5F4sg,1,one-hand-catching:auto:100,One-handed / stabs at the ball,one-hand-catching
e4309ffb-fa02-4c6d-ac87-a6580e8c5bff,High Five Drill — Elbow Up Arm Path Correction,6-10,"Before you throw, give me a high five with your throwing hand! Elbow up, hand back — like you are about to high five someone behind your shoulder. THEN throw. That is the right arm position. If your elbow drops below your shoulder, your ball goes sideways instead of straight. Elbow up equals ball going straight!",Dan Blewett,dropping elbow below shoulder | sidearm throws | low arm slot | slinging the ball,both,2026-02-23T04:46:32.289399+00:00,,"Referenced across multiple youth coaching resources — the coach asks the player to give a high five with their throwing arm before each throw. This cue gets the elbow up to shoulder height in the correct pre-throw position, preventing the drop-arm sidearm habit that plagues young players.",Beginner,,Baseball | glove,,,Both,10,elbow height | arm path | correct launch position | preventing drop arm,6,throwing,,,true,,,Throwing,,Small,approved,,,https://img.youtube.com/vi/4NOo7JSK6eA/hqdefault.jpg,2026-02-23T04:46:32.289399+00:00,,,https://www.youtube.com/watch?v=4NOo7JSK6eA,4NOo7JSK6eA,2,throwing-mechanics:auto:100 | low-arm-slot:auto:100,Poor throwing mechanics | Low arm slot / sidearm,throwing-mechanics | low-arm-slot
50087451-2665-4c78-b968-ca56e9ceec3b,Point-and-Go Glove Drill — Align Your Body to the Target,6-10,"Point your glove at your target — like you are pointing with your finger — then throw. Your glove arm shows your body where to go! As you throw, your glove comes into your side and your chest turns to face where you pointed. Try it: point your glove at me, THEN throw. See how much straighter it goes? Point first, every single time.",YouGotMOJO,glove arm flopping | chest not facing target | throwing off-line | no alignment to target,both,2026-02-23T04:46:32.289399+00:00,,"Players point their glove elbow directly at their target before and during the throw. This simple point-and-go system automatically aligns the hips, shoulders, and chest toward the target, dramatically improving direction and accuracy for all age groups.",Beginner,,Baseball | glove,,,Both,10,glove arm direction | body alignment | chest toward target | throwing accuracy cue,6,throwing,,,true,,,Throwing,,Small,approved,,,https://img.youtube.com/vi/YRAjMC5F4sg/hqdefault.jpg,2026-02-23T04:46:32.289399+00:00,,,https://www.youtube.com/watch?v=YRAjMC5F4sg,YRAjMC5F4sg,1,inaccurate-throws:auto:100,Inaccurate throws,inaccurate-throws
6759598d-9bfc-47b2-91f1-31c77fc97cb5,Kneel-Down Throw — Isolating Upper Body and Wrist Snap,6-10,"From your knees, throw using only your arm and wrist. Snap that wrist through the ball — like making it spin backward! Feel how your chest turns toward your partner as you throw? That is torso rotation adding power. Great arm mechanics first — then we add the legs.",Dominate the Diamond,lower body interference with arm mechanics | no wrist snap | stiff arm | poor extension,both,2026-02-23T04:46:32.289399+00:00,,"Phase one of Dominate the Diamond's throwing progression. Both players kneel on their throwing-side knee, 15-20 feet apart. The arm, wrist, and torso must do all the work — isolating the exact upper-body mechanics needed for a strong, accurate throw. Perfect for correcting arm flaws without footwork distraction.",Beginner,,Baseball | glove | partner,,,Both,10,arm action isolation | wrist snap | release point | torso rotation,6,throwing,,,true,,,Throwing,,Small,approved,,,https://img.youtube.com/vi/77r6mWAUecA/hqdefault.jpg,2026-02-23T04:46:32.289399+00:00,,,https://www.youtube.com/watch?v=77r6mWAUecA,77r6mWAUecA,2,no-wrist-snap:auto:100 | barring-arm:auto:100,No wrist snap | Barring front arm / disconnected,no-wrist-snap | barring-arm
2b5adf22-f8b1-4cfe-87e9-fe7ec1a1957e,Long Toss Progression — Building Arm Strength Safely,9-12,"Long toss builds arm strength — but only if done right. Start at 30 feet, throw easy. Move back only when your arm feels warm and throws feel good. At max distance, let the ball arc up — do not throw flat. Then do 5 to 10 throws pulling distance back in at the end. Never throw max effort in the first 10-15 throws.",Dan Blewett,skipping warm-up progression | flat-lining at max distance | no cool-down pulldown | overexertion,both,2026-02-23T04:46:32.289399+00:00,,"Dan Blewett's safe long toss protocol for youth — start at 30 feet and build to maximum comfortable distance using the crow hop. Includes the crucial pulldown phase at the end to re-train accuracy after long toss. Safe, structured, and appropriate for 9-12 year olds when supervised.",Intermediate,,Baseballs | gloves | open field with 150+ feet of space,,,Outdoor,12,arm strength | crow hop at distance | arc on long throws | pulldown phase,9,throwing,,,true,,,Throwing,,Full Field,approved,,,https://img.youtube.com/vi/4NOo7JSK6eA/hqdefault.jpg,2026-02-23T04:46:32.289399+00:00,,,https://www.youtube.com/watch?v=4NOo7JSK6eA,4NOo7JSK6eA,1,cold-arm:auto:100,Throws without warming up / arm soreness,cold-arm
84930859-7689-4f1f-a9ba-5e71b4991af9,Quick Hands Quick Feet — Fast Transfer Drill,8-12,"The ball comes out of your glove into your throwing hand as FAST as possible. Catch, transfer, throw. One motion, no pause. Your throwing hand should already be moving toward the ball as your glove closes on it. Time yourself: how fast can you catch it and throw it back? Compete with a partner.",Dan Blewett,slow hands on transfer | fumbling | extra steps before throw | slow release,both,2026-02-23T04:46:32.289399+00:00,,"Pairs at short distance practice catching and transferring the ball to the throwing hand as fast as possible, then throwing back. Simulates the pressure of double-play footwork and quick-release infield throws. Referenced on Baseball Tutorials and multiple coaching resources.",Intermediate,,Baseball | glove,,,Both,12,ball transfer speed | catch-to-throw transition | quick release,8,throwing,,,true,,,Throwing,,Small,approved,,,https://img.youtube.com/vi/4NOo7JSK6eA/hqdefault.jpg,2026-02-23T04:46:32.289399+00:00,,,https://www.youtube.com/watch?v=4NOo7JSK6eA,4NOo7JSK6eA,1,slow-transfer:auto:100,Slow transfer / exchange,slow-transfer
ce798b52-883f-4cf3-a6b8-311ef084a1be,Funnel Drill — Correct Arm Path Out of the Glove,7-12,"When your hands separate, the ball comes out of your glove going DOWN toward your hip — not out to the side. From the hip, the ball goes UP and over as you throw. Think of an underhand swing that turns into an overhand throw. Watch slow motion: DOWN from glove, then UP through the throw. That is the funnel.",Dan Blewett,wide arm circle | ball facing target on separation | ball coming out going sideways or up | loose inefficient arm path,both,2026-02-23T04:46:32.289399+00:00,,"Dan Blewett's funneling concept — the ball should exit the glove going DOWN toward the hip, then arc UP as the arm swings through. This compact path separates accurate, safe throwers from kids who develop arm trouble and accuracy issues. Shown in slow-motion breakdown.",Beginner,,Baseball | glove,,,Both,12,ball path from glove separation | compact arm action | preventing scarecrow/wide arm,7,throwing,,,true,,,Throwing,,Medium,approved,,,https://img.youtube.com/vi/4NOo7JSK6eA/hqdefault.jpg,2026-02-23T04:46:32.289399+00:00,,,https://www.youtube.com/watch?v=4NOo7JSK6eA,4NOo7JSK6eA,0,,,
d4efaaad-808d-4e4f-8539-9c56c5c1835a,Clean Up Crew — Fun Fielding-to-Throw Game,6-10,"Your job is to clean up all the balls and throw them into the bucket! For every ball you throw in, call out the count. Fastest player wins! But remember: a strong, accurate throw from your correct position gets the ball in. Rushing and throwing wild will not work. Use your mechanics even in a race!",YouGotMOJO,low motivation in young players | no target focus | poor fielding-to-throw transition,both,2026-02-23T04:46:32.289399+00:00,,"YouGotMOJO's Clean Up Crew game — balls are spread across the field and players throw them all into a designated bucket as fast as possible. Disguises throwing practice as a fun game, builds the pick-up-and-throw sequence, and keeps energy high.",Beginner,,Many baseballs (10-20) | large bucket or target zone,,,Outdoor,10,fielding-to-throw sequence | throw accuracy to a target | fun motivation,6,throwing,,,false,,,Throwing,,Medium,approved,,,https://img.youtube.com/vi/YRAjMC5F4sg/hqdefault.jpg,2026-02-23T04:46:32.289399+00:00,,,https://www.youtube.com/watch?v=YRAjMC5F4sg,YRAjMC5F4sg,2,slow-transfer:auto:100 | inaccurate-throws:auto:100,Slow transfer / exchange | Inaccurate throws,slow-transfer | inaccurate-throws
f1e620a8-1016-4097-b104-502ddcab967a,Selfies Solo Rebounder — Build Reps Without a Partner,7-12,"Throw, catch, throw, catch — keep a good rhythm going! Every time you catch it back, set your grip quickly and throw again with full mechanics. Count your reps. Can you get 25 in a row with good form? 50? Make good mechanics feel automatic so you do not have to think about them in a game.",YouGotMOJO,slow transfer | losing mechanics when unsupervised | poor transition rhythm | not practicing independently,both,2026-02-23T04:46:32.289399+00:00,,"YouGotMOJO's Selfies drill — throw at a wall or rebounder, catch the return, and throw again continuously. Builds the throw-catch-throw rhythm that is the foundation of all defensive play, letting players accumulate reps independently.",Beginner,,Baseball | glove | rebounder net or wall,,,Both,12,quick transfer | catch-and-throw rhythm | consistent mechanics | solo practice,7,throwing,,,false,,,Throwing,,Small,approved,,,https://img.youtube.com/vi/YRAjMC5F4sg/hqdefault.jpg,2026-02-23T04:46:32.289399+00:00,,,https://www.youtube.com/watch?v=YRAjMC5F4sg,YRAjMC5F4sg,1,slow-transfer:auto:100,Slow transfer / exchange,slow-transfer
267777ed-01d2-4985-a4aa-5a1c41299f11,Fun Fielding Drill for Young Players,6-10,Keep your eyes on the ball. Get your glove out in front with fingers pointing down. Let the ball come to you — don't stab at it. Have fun and stay low like an alligator!,Antonelli Baseball,fear of the ball | pulling head | turning away | poor hand positioning | stiff hands,both,2026-02-23T03:29:20.093053+00:00,,"Former MLB infielder Matt Antonelli demonstrates an engaging fielding drill that young players love. Focuses on building confidence and proper mechanics in a fun, game-like format that keeps kids engaged while developing soft hands and proper glove positioning.",Beginner,,Baseballs | Gloves | Cones,,,Both,10,glove work | fielding position | ground ball approach | soft hands,6,fielding,,,true,,,Fielding (Infield),,Small,approved,,,https://img.youtube.com/vi/kOz3WRPiXr8/hqdefault.jpg,2026-02-23T03:29:20.093053+00:00,,,https://www.youtube.com/watch?v=kOz3WRPiXr8,kOz3WRPiXr8,3,one-hand-catching:auto:100 | fear-of-ball:auto:100 | pulling-head:auto:100,One-handed / stabs at the ball | Fear of the ball / turns away | Pulling head / eyes off ball,one-hand-catching | fear-of-ball | pulling-head
3a2f690d-095d-46ea-98e8-088a7a7ea7db,Throwing Accuracy Race — Competitive Catch Under Pressure,7-12,"First pair to 10 catches in a row wins! Any bad throw or drop resets your count to zero. So make GOOD throws — not fast throws. Rushing and breaking your mechanics is how you reset the count. Slow is smooth, smooth is fast. Your best mechanics give you the best chance to win.",Dominate the Diamond,rushing and breaking down mechanics under pressure | overthrowing when competing | losing accuracy in game conditions,both,2026-02-23T04:46:32.289399+00:00,,"Two pairs race to complete 10 accurate catches in a row — any bad throw or drop resets to zero. Forces players to maintain mechanics while feeling competitive pressure, simulating the mental challenge of making accurate game throws.",Beginner,,Baseballs | gloves,,,Outdoor,12,accuracy under mild pressure | mechanics under game-speed conditions | competitive mental focus,7,throwing,,,true,,,Throwing,,Medium,approved,,,https://img.youtube.com/vi/77r6mWAUecA/hqdefault.jpg,2026-02-23T04:46:32.289399+00:00,,,https://www.youtube.com/watch?v=77r6mWAUecA,77r6mWAUecA,0,,,
530bc412-32f9-4d31-b892-f95ebced2514,Throwing Progression,6-12,"Build your throw in three steps: knees, then hips, then full throw.",Dominate the Diamond,throwing with only arm | no rotation,both,2026-02-23T04:46:32.289399+00:00,,"Three-phase throwing progression: knee, hip, full throw.",Beginner,,Baseballs | gloves,,,Both,12,arm action | wrist snap | full motion,6,throwing,,,true,,,Throwing,,Medium,approved,,,https://img.youtube.com/vi/77r6mWAUecA/hqdefault.jpg,2026-02-23T04:46:32.289399+00:00,,,https://www.youtube.com/watch?v=77r6mWAUecA,77r6mWAUecA,1,throwing-mechanics:auto:100,Poor throwing mechanics,throwing-mechanics
f94e6efc-9146-469b-bee2-c46466d882aa,Catch Drill,6-9,"Fingers UP above belly, fingers DOWN below. Always two hands!",Bay Island Baseball,one-hand catching | wrong glove position,both,2026-02-23T04:46:32.289399+00:00,,Basic catching fundamentals - fingers up/down.,Beginner,,Baseballs | gloves,,,Both,9,catching fundamentals | two-hand catch,6,throwing,,,true,,,Throwing,,Small,approved,,,https://img.youtube.com/vi/pPx0lH8Kd3Y/hqdefault.jpg,2026-02-23T04:46:32.289399+00:00,,,https://www.youtube.com/watch?v=pPx0lH8Kd3Y,pPx0lH8Kd3Y,1,one-hand-catching:auto:100,One-handed / stabs at the ball,one-hand-catching
3cc99259-c968-4977-bd66-c168250a27b8,Wall Ball,7-12,"Practice mechanics on EVERY throw. Grip, step, throw, follow through.",Dan Blewett,slow transfer | poor mechanics,both,2026-02-23T04:46:32.289399+00:00,,Solo throwing practice against a wall.,Beginner,,Baseball | wall,,,Both,12,throwing mechanics | rhythm,7,throwing,,,false,,,Throwing,,Small,approved,,,https://img.youtube.com/vi/4NOo7JSK6eA/hqdefault.jpg,2026-02-23T04:46:32.289399+00:00,,,https://www.youtube.com/watch?v=4NOo7JSK6eA,4NOo7JSK6eA,2,slow-transfer:auto:100 | throwing-mechanics:auto:100,Slow transfer / exchange | Poor throwing mechanics,slow-transfer | throwing-mechanics
ad6b8ea5-77db-4779-a08a-d59ae44bcdfc,Crow Hop Drill,8-12,"Hop, stride, throw! Your whole body moves toward the target.",Ultimate Baseball Training,flat-footed throws | weak throws,both,2026-02-23T04:46:32.289399+00:00,,Skip-step to generate momentum for outfield throws.,Intermediate,,Baseball | glove,,,Outdoor,12,crow hop | momentum,8,throwing,,,true,,,Throwing,,Full Field,approved,,,https://img.youtube.com/vi/ZMuVnmUY2CI/hqdefault.jpg,2026-02-23T04:46:32.289399+00:00,,,https://www.youtube.com/watch?v=ZMuVnmUY2CI,ZMuVnmUY2CI,2,fielding-flat-footed:auto:100 | weak-throws:auto:100,Fields flat-footed / not in front | Weak throws / arm strength,fielding-flat-footed | weak-throws
3f2af696-fe22-4fb6-936f-fefe7d86681a,Long Toss,9-12,"Start at 30 feet, build out slowly. Let the ball arc at max distance.",Dan Blewett,skipping warm-up | overexertion,both,2026-02-23T04:46:32.289399+00:00,,Progressive distance throwing for arm strength.,Intermediate,,Baseballs | gloves,,,Outdoor,12,arm strength | distance throwing,9,throwing,,,true,,,Throwing,,Full Field,approved,,,https://img.youtube.com/vi/4NOo7JSK6eA/hqdefault.jpg,2026-02-23T04:46:32.289399+00:00,,,https://www.youtube.com/watch?v=4NOo7JSK6eA,4NOo7JSK6eA,1,cold-arm:auto:100,Throws without warming up / arm soreness,cold-arm
e40632d7-5ffb-42e9-9652-bd9a49e68ff5,Quick Hands Drill,8-12,"Catch, transfer, throw — one motion, no pause!",Dan Blewett,slow hands | fumbling,both,2026-02-23T04:46:32.289399+00:00,,Fast catch-to-throw transfer practice.,Intermediate,,Baseball | glove,,,Both,12,transfer speed | quick release,8,throwing,,,true,,,Throwing,,Small,approved,,,https://img.youtube.com/vi/4NOo7JSK6eA/hqdefault.jpg,2026-02-23T04:46:32.289399+00:00,,,https://www.youtube.com/watch?v=4NOo7JSK6eA,4NOo7JSK6eA,2,late-timing:auto:100 | slow-transfer:auto:100,Late / poor timing | Slow transfer / exchange,late-timing | slow-transfer
64b38072-cd1c-4f0f-a3e1-9958c8cb0736,Funnel Drill,7-12,"DOWN from glove toward hip, then UP through the throw.",Dan Blewett,wide arm circle | inefficient path,both,2026-02-23T04:46:32.289399+00:00,,"Ball exits glove going DOWN, then UP through throw.",Beginner,,Baseball | glove,,,Both,12,arm path | compact action,7,throwing,,,true,,,Throwing,,Medium,approved,,,https://img.youtube.com/vi/4NOo7JSK6eA/hqdefault.jpg,2026-02-23T04:46:32.289399+00:00,,,https://www.youtube.com/watch?v=4NOo7JSK6eA,4NOo7JSK6eA,0,,,
9a6f58a3-0172-47e6-b159-8eb98306f5ca,Two Hand Catch,6-9,"Catch with glove, cover with throwing hand right away!",Bay Island Baseball,one-hand catching | dropping balls,both,2026-02-23T04:46:32.289399+00:00,,Always catch with two hands for security.,Beginner,,Baseballs | gloves,,,Both,9,two-hand catch | glove position,6,throwing,,,true,,,Throwing,,Small,approved,,,https://img.youtube.com/vi/pPx0lH8Kd3Y/hqdefault.jpg,2026-02-23T04:46:32.289399+00:00,,,https://www.youtube.com/watch?v=pPx0lH8Kd3Y,pPx0lH8Kd3Y,1,one-hand-catching:auto:100,One-handed / stabs at the ball,one-hand-catching
5b5b59e9-4906-4ba5-ad8b-1e9608041ef5,Partner Catch,6-12,"Every throw: grip, step toward target, follow through.",Dominate the Diamond,poor mechanics | inaccuracy,both,2026-02-23T04:46:32.289399+00:00,,Basic partner catch with proper mechanics.,Beginner,,Baseballs | gloves,,,Both,12,throwing | catching,6,throwing,,,true,,,Throwing,,Medium,approved,,,https://img.youtube.com/vi/77r6mWAUecA/hqdefault.jpg,2026-02-23T04:46:32.289399+00:00,,,https://www.youtube.com/watch?v=77r6mWAUecA,77r6mWAUecA,2,throwing-mechanics:auto:100 | inaccurate-throws:auto:100,Poor throwing mechanics | Inaccurate throws,throwing-mechanics | inaccurate-throws
d6a3170b-ec74-4e4f-96df-64fba2aed225,Warm-Up Catch,6-12,"Start close, work back. Use full mechanics on every throw.",Dominate the Diamond,cold throwing | poor mechanics,both,2026-02-23T04:46:32.289399+00:00,,Pre-practice throwing warm-up routine.,Beginner,,Baseballs | gloves,,,Both,12,warm-up | throwing mechanics,6,throwing,,,true,,,Throwing,,Medium,approved,,,https://img.youtube.com/vi/77r6mWAUecA/hqdefault.jpg,2026-02-23T04:46:32.289399+00:00,,,https://www.youtube.com/watch?v=77r6mWAUecA,77r6mWAUecA,2,throwing-mechanics:auto:100 | cold-arm:auto:100,Poor throwing mechanics | Throws without warming up / arm soreness,throwing-mechanics | cold-arm
6c2e8d58-e7f0-4727-b561-cb61bca27e25,First Base Footwork & Throw Adjustments,9-13,Throw intentionally to all four quadrants. Cue 'chase the ball with your glove-side foot' — the stretch foot moves toward the throw while the anchor toe holds the bag edge. Mix in throws from different infield angles.,Antonelli Baseball,pulls foot off the bag | misses off-line throws at first | first base footwork,both,2026-08-04T15:36:04.815116+00:00,,"Youth-specific work around the bag from a former pro: adjusting the feet to the throw and stretching to balls at different locations, with repeatable practice drills.",Intermediate,,base | baseballs,,2x/week for first basemen,Outdoor,13,foot adjustments | shifting on the bag | stretch to the ball,9,First-base footwork,3,4 rounds of 6 throws (one round per quadrant),true,,Receiving throws,Fielding (Infield),ai_expansion_008,Medium,approved,Stretch foot mirrors the throw location automatically | Anchor foot stays on the bag on wide throws | Clean catches on throws to both sides without crossing feet,first base | footwork | adjustments,https://img.youtube.com/vi/R1sbhgRzneQ/hqdefault.jpg,2026-08-04T15:36:04.815116+00:00,2026-08-06T18:39:22.410256+00:00,,https://www.youtube.com/watch?v=R1sbhgRzneQ,R1sbhgRzneQ,1,first-base-footwork:curated:2,Fumbles footwork around first base,first-base-footwork
64c760e9-fb4d-449a-ba23-81dd057e0b11,4 High-Energy Infield Drills,7-12,"Move your feet to the ball — don't wait for it to come to you. Field, transfer, throw — make it one smooth motion. Stay on the balls of your feet and stay ready. High energy, quick reps!",Dominate the Diamond,poor footwork | slow transitions | poor throwing after fielding | lack of coordination,both,2026-02-23T03:29:20.093053+00:00,,Coaches Duke Baxter and Steve Nikorak from Dominate the Diamond demonstrate 4 high-energy infield drills designed to keep youth teams engaged while building fundamental fielding skills with high-tempo reps.,Intermediate,,Baseballs | Gloves | Cones | Bases,,,Outdoor,12,footwork | fielding position | throwing mechanics | ground ball approach | transitions,7,fielding,,,true,,,Fielding (Infield),,Full Field,approved,,,https://img.youtube.com/vi/U9Gr4OnGJQA/hqdefault.jpg,2026-02-23T03:29:20.093053+00:00,,,https://www.youtube.com/watch?v=U9Gr4OnGJQA,U9Gr4OnGJQA,2,poor-fielding-footwork:auto:100 | slow-transfer:auto:100,Poor fielding footwork / approach | Slow transfer / exchange,poor-fielding-footwork | slow-transfer
192913af-c080-4361-b20e-f88f29db530f,The Hands Routine — Infield Fielding Drill,8-12,"Aim small, miss small — focus on exactly where the ball enters your glove. Soft hands — receive the ball, don't fight it. Practice the transfer: catch, grip, throw position. You can do this drill every day against a wall by yourself!",Antonelli Baseball,poor transfer speed | stiff hands | inconsistent fielding mechanics | slow transfer,both,2026-02-23T03:29:20.093053+00:00,,Former MLB first-round draft pick Matt Antonelli demonstrates his signature Hands Routine — the same pre-game routine he used as a professional. Teaches soft hands and clean glove-to-throwing-hand transfer through progressive solo drills that can be done anywhere.,Intermediate,,Baseballs | Glove | Wall,,,Both,12,soft hands | glove-to-hand transfer | hand positioning | fielding rhythm,8,fielding,,,false,,,Fielding (Infield),,Small,approved,,,https://img.youtube.com/vi/SHA1orN7eHE/hqdefault.jpg,2026-02-23T03:29:20.093053+00:00,,,https://www.youtube.com/watch?v=SHA1orN7eHE,SHA1orN7eHE,2,slow-transfer:auto:100 | poor-fielding-footwork:auto:100,Slow transfer / exchange | Poor fielding footwork / approach,slow-transfer | poor-fielding-footwork
19e2c8a9-d4a2-48bc-a511-0471f030d2e2,3 Great Outfield Drills for Youth Players,7-12,"First step is back — use your drop step, don't backpedal. Turn and run to where the ball will land, then adjust. Catch the ball above your throwing shoulder so you're ready to throw. Run on the balls of your feet to keep your eyes steady.",Ultimate Baseball Training,fear of fly balls | poor tracking | backpedaling instead of turning and running | poor positioning under fly balls,both,2026-02-23T03:29:20.093053+00:00,,"Coach Justin demonstrates 3 essential outfield drills for youth players covering drop step mechanics, proper fly ball tracking, and transitioning from catch to throw. Builds confidence in catching balls in the air.",Beginner,,Baseballs | Gloves | Open field,,,Outdoor,12,drop step | tracking fly balls | catching above the head | crow hop throwing,7,fielding,,,true,,,Fielding (Fly Balls),,Full Field,approved,,,https://img.youtube.com/vi/ZMuVnmUY2CI/hqdefault.jpg,2026-02-23T03:29:20.093053+00:00,,,https://www.youtube.com/watch?v=ZMuVnmUY2CI,ZMuVnmUY2CI,3,pulling-head:auto:100 | fear-fly-balls:auto:100 | backpedaling-flyballs:auto:100,Pulling head / eyes off ball | Fear of fly balls | Backpedals / bad routes on fly balls,pulling-head | fear-fly-balls | backpedaling-flyballs
744a47da-ef0c-42b0-b961-1175aaad42d9,Outfield Drop Step Drill,7-12,"When the ball goes over your head, don't run backward — drop step! Open your hips, turn, and RUN to the spot. Your first step is the most important step. Practice drop steps to both sides every day.",Ripken Baseball,backpedaling on fly balls | slow first step | freezing on balls hit overhead | poor route efficiency,both,2026-02-23T03:29:20.093053+00:00,,"Cal and Bill Ripken's instructional tip on the outfield drop step — the most fundamental outfield movement. Teaches youth players how to take a proper first step back on fly balls, turn the hips, and run efficient routes to the ball.",Intermediate,,Baseballs | Gloves,,,Outdoor,12,drop step | first-step quickness | reading ball off bat | turning hips | running routes,7,fielding,,,true,,,Fielding (Fly Balls),,Medium,approved,,,https://img.youtube.com/vi/qvwkdxepqTk/hqdefault.jpg,2026-02-23T03:29:20.093053+00:00,,,https://www.youtube.com/watch?v=qvwkdxepqTk,qvwkdxepqTk,2,slow-first-step:auto:100 | backpedaling-flyballs:auto:100,Slow first step / acceleration | Backpedals / bad routes on fly balls,slow-first-step | backpedaling-flyballs
97efe128-5367-4ad5-959e-9c32f3b565e3,Essential Outfield Drills — Fly Balls and Ground Balls,8-12,"Catch the ball on your throwing side, not in the middle of your body. Use your crow hop — catch, step, hop, throw. On ground balls in the outfield, get around the ball and charge through it. Always know where you're throwing BEFORE the ball gets to you.",Ultimate Baseball Training,poor throwing after catches | weak crow hop | lazy routes to fly balls | poor outfield ground ball technique,both,2026-02-23T03:29:20.093053+00:00,,"Coach Justin covers must-do outfield drills including fly ball tracking, proper catching position for quick transition to throwing, crow hop mechanics, and outfield ground ball technique with emphasis on game-like situations.",Intermediate,,Baseballs | Gloves | Open field,,,Outdoor,12,fly ball tracking | crow hop | throwing mechanics after catch | outfield ground ball technique,8,fielding,,,true,,,Fielding (Fly Balls),,Full Field,approved,,,https://img.youtube.com/vi/WUIM8NqNETg/hqdefault.jpg,2026-02-23T03:29:20.093053+00:00,,,https://www.youtube.com/watch?v=WUIM8NqNETg,WUIM8NqNETg,2,backpedaling-flyballs:auto:100 | weak-throws:auto:100,Backpedals / bad routes on fly balls | Weak throws / arm strength,backpedaling-flyballs | weak-throws
f35c8a06-d0e9-4a8b-ac8a-efffb204f026,Stride Pause to Stride Swing Drill,6-12,"Stride forward with a small, soft step. Land and FREEZE — make sure you feel balanced before you swing. Your weight should be split evenly between both feet. Only after you feel balanced do you fire the swing. Take it slow until your body learns the feeling.",YouGoProBaseball,lunging | no load | poor timing | stepping in the bucket | drifting forward before swing,both,2026-02-23T03:42:23.282295+00:00,,"Players stride to a balanced landing position, PAUSE to feel the balance, then continue the swing. The pause eliminates rushing and teaches kids what being loaded and balanced feels like before triggering the swing.",Beginner,,Batting tee | bat | ball | net,,3x/week or 5 min daily,Both,12,stride | timing | balance | weight transfer | load,6,hitting,1,2 sets of 8 — freeze 2 sec on the stride before swinging,false,,,Hitting,,Small,approved,Lands in a balanced stride and can hold it still before swinging.,,https://img.youtube.com/vi/UeJpXF55kvs/hqdefault.jpg,2026-02-23T03:42:23.282295+00:00,,,https://www.youtube.com/watch?v=UeJpXF55kvs,UeJpXF55kvs,4,flying-open:auto:100 | late-timing:curated:1 | stepping-in-bucket:curated:2 | lunging:curated:2,Flying open / no load | Late / poor timing | Steps in the bucket | Lunging / poor balance,flying-open | late-timing | stepping-in-bucket | lunging
18e0cf1e-7f9b-4e51-9125-db81b04811a3,Soft Toss From the Side,6-12,Watch the ball leave the tosser's hand. Let the ball get into your hitting zone before you swing. Stay balanced and drive through the ball toward the middle of the field.,Ripken Baseball,poor timing | pulling off the ball | not tracking the ball | inconsistent contact,both,2026-02-23T03:29:20.093053+00:00,,"A fundamental soft toss drill from Ripken Baseball where a partner kneels to the side and tosses balls into the hitter's strike zone. The hitter works on tracking the ball, timing the swing, and making solid contact at the proper point in front of home plate.",Beginner,,Baseballs | Bat | Net or open field | Bucket,,2-3x/week,Both,12,timing | hand-eye coordination | contact point | swing mechanics,6,hitting,2,3 rounds of 10,true,,,Hitting,,Medium,approved,Lets the ball travel into the zone and squares it up on a line.,,https://img.youtube.com/vi/O7FHkj4EUpY/hqdefault.jpg,2026-02-23T03:29:20.093053+00:00,,,https://www.youtube.com/watch?v=O7FHkj4EUpY,O7FHkj4EUpY,3,inconsistent-contact:auto:100 | late-timing:curated:2 | pulling-head:curated:1,Inconsistent / weak contact | Late / poor timing | Pulling head / eyes off ball,inconsistent-contact | late-timing | pulling-head
54cf8f72-be57-478b-8a6d-bb084cadbddf,Front Toss Drill,7-12,Watch the ball from the moment it leaves the feeder's hand. Stay back — don't commit your weight until you see the ball. Make contact out in front. Your goal: line drives back through the middle. Keep your head down through contact.,Ultimate Baseball Training,poor timing | slow recognition | not tracking through contact | head pulling off,both,2026-02-23T03:42:23.282295+00:00,,"A feeder throws underhand from behind a screen or L-screen directly in front of the hitter at a realistic ball path. Closer to game speed than soft toss, this drill bridges the gap between tee work and live pitching while keeping it safe and controlled.",Beginner,,Baseballs or wiffle balls | bat | L-screen or net | bucket,,2-3x/week,Both,12,timing | pitch tracking | real-pitch simulation | contact,7,hitting,3,3 rounds of 8-10,true,,,Hitting,,Medium,approved,"Drives line drives up the middle against game-speed tosses, on time.",,https://img.youtube.com/vi/q7CPS0RYDPM/hqdefault.jpg,2026-02-23T03:42:23.282295+00:00,,,https://www.youtube.com/watch?v=q7CPS0RYDPM,q7CPS0RYDPM,2,late-timing:curated:3 | pulling-head:curated:3,Late / poor timing | Pulling head / eyes off ball,late-timing | pulling-head
0ddcfd4a-2520-4d3a-ae98-b647bf07c49b,One-Hand Tee Drill (Top Hand),8-12,"Hold the bat with just your top hand. Drive through the ball like you're hitting it with your palm facing up — like you're serving a pizza! Finish with your hand high. If the ball goes weak to the pull side, your hand is rolling over too early.",Ripken Baseball,weak top hand | rolling over too early | poor bat path | dropping the barrel | casting,both,2026-02-23T03:42:23.282295+00:00,,Hitters use only their top hand to swing at a ball on the tee. The top hand's job is to drive through the ball with the palm facing up at contact. This drill builds top-hand strength and teaches proper bat-path extension.,Intermediate,,Batting tee | one-hand training bat or short bat | baseballs,,2-3x/week,Both,12,top hand engagement | bat path | palm-up finish,8,hitting,2,2 sets of 8 with a light bat,false,,,Hitting,,Small,approved,"Drives through the ball palm-up with a short, direct path.",,https://img.youtube.com/vi/9XkdpzNrswo/hqdefault.jpg,2026-02-23T03:42:23.282295+00:00,,,https://www.youtube.com/watch?v=9XkdpzNrswo,9XkdpzNrswo,3,uppercutting:auto:100 | casting:curated:1 | rolling-over:curated:2,Uppercutting / bad swing plane | Casting / long swing | Rolling over / weak top hand,uppercutting | casting | rolling-over
ac27e607-b52e-4865-8240-5a9b7795a410,The Swing Rail / Stay Inside the Ball Drill,7-12,"Keep your front elbow close to your body as you start your swing. If it flares out, that's casting — and you'll be late on every fastball. Think of keeping a piece of paper trapped between your elbow and your side until your hands get going. Then extend!",YouGoProBaseball,casting (getting long) | barring front arm | loopy swing | disconnected swing,both,2026-02-23T03:42:23.282295+00:00,,"Using a Swing Rail or improvised PVC guide, players keep their front elbow connected to their body at the start of the swing. If the connection breaks, the loop in the swing is immediately visible — instant feedback teaching a compact, connected path to the ball.",Intermediate,,SwingRail training aid (or make with PVC) | batting tee | bat | baseballs,,2x/week,Both,12,staying connected | short path to ball | inside-out swing,7,hitting,3,3 sets of 8,false,,,Hitting,,Small,approved,Front elbow stays tucked — no flare-out at the start of the swing.,,https://img.youtube.com/vi/UeJpXF55kvs/hqdefault.jpg,2026-02-23T03:42:23.282295+00:00,,,https://www.youtube.com/watch?v=UeJpXF55kvs,UeJpXF55kvs,2,barring-arm:auto:100 | casting:curated:2,Barring front arm / disconnected | Casting / long swing,barring-arm | casting
55afb864-a8b0-496c-9b08-3e6805c7902d,Inside-Out Swing Drill (Fence Drill),8-12,"Stand close to the fence — only about one bat-length away. Now imagine an inside pitch and swing. Your hands have to go INSIDE the ball or you'll hit the fence. Hands in, barrel through. If you hit the fence, your hands went outside the ball first. Try again!",Ripken Baseball,casting hands away from body | long swing path | getting around the ball | poor inside pitch handling,both,2026-02-23T03:42:23.282295+00:00,,"Players stand approximately one bat-length from a fence and simulate swings on inside pitches. The fence gives immediate physical feedback — if the hands cast outward (casting), the bat hits the fence. Players learn to keep hands inside and drag the barrel through.",Intermediate,,Bat only | fence or backstop,,2x/week,Outdoor,12,inside-out swing path | short compact swing | hands inside the ball,8,hitting,3,3 sets of 8,false,,,Hitting,,Small,approved,Swings without hitting the fence and drives the ball the other way.,,https://img.youtube.com/vi/9XkdpzNrswo/hqdefault.jpg,2026-02-23T03:42:23.282295+00:00,,,https://www.youtube.com/watch?v=9XkdpzNrswo,9XkdpzNrswo,2,casting:curated:3 | rolling-over:curated:3,Casting / long swing | Rolling over / weak top hand,casting | rolling-over
252404f0-38c3-481f-a18b-f7ce0262903f,Stance & Athletic Position Drill,6-12,"Stand like you're about to jump — knees bent, weight on the balls of your feet. Create a slight tilt with your upper body so you have an axis to rotate around. Hold the bat with your knocking knuckles lined up. Stay relaxed — not stiff!",YouGoProBaseball,standing too upright | improper grip | poor body angle | no axis to swing around,both,2026-02-23T03:42:23.282295+00:00,,"Players work on building a proper batting stance from the ground up — feet shoulder-width apart, knees bent, slight forward lean creating an axis to swing around. This is the foundation drill from YouGoProBaseball's 7-drill hitting progression.",Beginner,,Bat | open space or cage,,"daily, 3 min",Both,12,stance | posture | balance | grip | axis,6,hitting,1,2 sets of 10 setups,false,,,Hitting,,Small,approved,Sets up athletic and balanced every time without a reminder.,,https://img.youtube.com/vi/UeJpXF55kvs/hqdefault.jpg,2026-02-23T03:42:23.282295+00:00,,,https://www.youtube.com/watch?v=UeJpXF55kvs,UeJpXF55kvs,3,poor-fielding-footwork:auto:100 | stepping-in-bucket:curated:1 | lunging:curated:1,Poor fielding footwork / approach | Steps in the bucket | Lunging / poor balance,poor-fielding-footwork | stepping-in-bucket | lunging
ee6aa905-1e2c-4f96-8eff-4dc22fc01d4f,Mini Wiffle Ball & Skinny Bat Drill,7-12,"This one is HARD — and that's the point! Keep your eyes on the tiny ball all the way until you make contact. Don't swing early. Trust your hands. When you can hit these consistently, real baseballs will look like beach balls. Practice until you can hit 7 out of 10.",YouGoProBaseball,poor hand-eye coordination | inconsistent contact | pulling head | poor tracking,both,2026-02-23T03:42:23.282295+00:00,,"One of the hardest and most effective youth hitting drills. Players hit tiny wiffle balls with a narrow training bat, forcing extreme focus and precision. When they can make consistent contact with this setup, hitting a regular baseball feels effortless.",Intermediate,,Mini wiffle balls (golf ball sized) | skinny barrel training bat,,2-3x/week,Both,12,hand-eye coordination | barrel control | focus | contact,7,hitting,3,3 rounds of 10,true,,,Hitting,,Small,approved,Tracks the tiny ball all the way to contact and makes consistent contact.,,https://img.youtube.com/vi/UeJpXF55kvs/hqdefault.jpg,2026-02-23T03:42:23.282295+00:00,,,https://www.youtube.com/watch?v=UeJpXF55kvs,UeJpXF55kvs,2,inconsistent-contact:auto:100 | pulling-head:curated:2,Inconsistent / weak contact | Pulling head / eyes off ball,inconsistent-contact | pulling-head
9300e679-69a7-4757-b74d-172103654860,Tee Work — Ball Out In Front,6-12,"Set the tee just in front of your front foot. Hit the ball there. You should feel like you're reaching out to it — that's extension! Try to hit line drives right back at the middle of the net or field. The ball should come off the tee with a snap, not a thud.",Ultimate Baseball Training,hitting the ball too deep in the zone | weak contact | no extension | rolling over too early,both,2026-02-23T03:42:23.282295+00:00,,The tee is positioned out in front of home plate to force hitters to make contact at the ideal point — in front of the body. Coach Justin walks through proper tee setup and swing fundamentals from stance through follow-through.,Beginner,,Batting tee | bat | baseballs or wiffle balls | net,,2-3x/week,Both,12,contact point | extension | bat path,6,hitting,2,3 sets of 10,false,,,Hitting,,Small,approved,"Makes contact out in front and drives line drives, not weak grounders.",,https://img.youtube.com/vi/q7CPS0RYDPM/hqdefault.jpg,2026-02-23T03:42:23.282295+00:00,,,https://www.youtube.com/watch?v=q7CPS0RYDPM,q7CPS0RYDPM,3,barring-arm:auto:100 | inconsistent-contact:auto:100 | rolling-over:curated:1,Barring front arm / disconnected | Inconsistent / weak contact | Rolling over / weak top hand,barring-arm | inconsistent-contact | rolling-over
40eebd5c-d2ab-4245-92bc-5cf73e68ba87,Back Knee Down - Stay Centered,9-12,Cue: athletic posture + keep hands above ball; match bat path to pitch plane.,Hitting Done Right,Drifting / losing balance,both,2026-02-23T03:28:42.651266+00:00,,Teaches hitters to stay centered and balanced through the swing using back knee position.,Intermediate,,bat,,2x/week,Indoor/Outdoor,12,balance | lower half | knee position,9,Hitting,3,3 sets of 8,false,,balance,Hitting,,Small,approved,Stays centered over the back side without drifting forward.,balance | lower half | knee position | centered,https://img.youtube.com/vi/m74alEFc8FE/hqdefault.jpg,2026-02-23T03:28:42.651266+00:00,,,https://www.youtube.com/watch?v=m74alEFc8FE,m74alEFc8FE,1,lunging:curated:3,Lunging / poor balance,lunging
6a2c9dc7-f08c-47fd-9a08-f9e117f466cb,Tee Work,6-12,Set the tee out in front. Hit line drives to the middle.,Ultimate Baseball Training,poor contact | bad swing path,both,2026-02-23T03:42:23.282295+00:00,,Hitting off a tee to work on swing fundamentals.,Beginner,,Batting tee | bat | balls,,2-3x/week,Both,12,contact point | swing mechanics,6,hitting,1,3 sets of 10,false,,,Hitting,,Small,approved,"Hits firm line drives back up the middle, not pop-ups or choppers.",,https://img.youtube.com/vi/q7CPS0RYDPM/hqdefault.jpg,2026-02-23T03:42:23.282295+00:00,,,https://www.youtube.com/watch?v=q7CPS0RYDPM,q7CPS0RYDPM,2,inconsistent-contact:auto:100 | uppercutting:curated:1,Inconsistent / weak contact | Uppercutting / bad swing plane,inconsistent-contact | uppercutting
e597ce36-5625-42f2-a378-30052499bb18,Low Tee,8-12,Stay in your legs. Drive through the ball.,Ultimate Baseball Training,popping up | uppercut,both,2026-02-23T03:42:23.282295+00:00,,Tee set low to practice low-pitch swings.,Intermediate,,Batting tee | bat | balls,,2x/week,Both,12,staying down | driving low pitch,8,hitting,3,3 sets of 8,false,,,Hitting,,Small,approved,"Stays in the legs and drives low pitches on a line, not under them.",,https://img.youtube.com/vi/q7CPS0RYDPM/hqdefault.jpg,2026-02-23T03:42:23.282295+00:00,,,https://www.youtube.com/watch?v=q7CPS0RYDPM,q7CPS0RYDPM,1,uppercutting:curated:2,Uppercutting / bad swing plane,uppercutting
7a2a344c-b2d7-4bf6-b0a2-e1dec8d835ab,Line Drive Pro / Visual Feedback Swing Drill,8-12,"Watch where the ball goes after you hit it. If it goes straight back — perfect swing! If it goes to the right, you cut across the ball. If it goes left, you rolled over it. Let the ball tell you what your swing is doing. Fix it one swing at a time.",YouGoProBaseball,uppercutting | chopping down on ball | poor launch angle | inconsistent contact direction,both,2026-02-23T03:42:23.282295+00:00,,"Using a Line Drive Pro trainer (or improvised equivalent), the ball provides immediate visual feedback on barrel angle — if the swing path is correct, the ball flies straight back; incorrect paths cause the ball to deflect in the wrong direction.",Intermediate,,Line Drive Pro trainer (or tennis ball on tee) | bat | net,,2x/week,Both,12,barrel path | bat angle at contact | driving through zone | line drive launch angle,8,hitting,3,3 sets of 8,false,,,Hitting,,Small,approved,Ball flies straight back off the bat (level path) on most swings.,,https://img.youtube.com/vi/UeJpXF55kvs/hqdefault.jpg,2026-02-23T03:42:23.282295+00:00,,,https://www.youtube.com/watch?v=UeJpXF55kvs,UeJpXF55kvs,2,inconsistent-contact:auto:100 | uppercutting:curated:3,Inconsistent / weak contact | Uppercutting / bad swing plane,inconsistent-contact | uppercutting
28d76619-82c7-4b4f-aaa8-16464ba10b1b,Throwing Progression for Youth Players,6-12,Fingers on top of the ball. Show the ball to center field on your arm swing. Point your glove at the target. Step toward your target with every throw. Master each step before moving on.,Dominate the Diamond,improper grip | short-arming | poor arm path | lack of lower-body engagement | inaccurate throwing,both,2026-02-23T03:29:20.093053+00:00,,"Coach Duke Baxter (former pro player) walks through a systematic throwing progression covering proper 4-seam grip, arm action checkpoints, the high-five drill, throwing to targets, wall throws, shuffle steps, and quick hands — building mechanics incrementally from basic to game-speed.",Beginner,,Baseballs | Gloves,,every throwing day,Both,12,4-seam grip | arm action checkpoints | throwing progression | shuffling mechanics,6,throwing,1,2 sets of 10 throws through the progression,true,,,Throwing,,Medium,approved,"Shows a 4-seam grip, steps to the target, and follows through every throw.",,https://img.youtube.com/vi/77r6mWAUecA/hqdefault.jpg,2026-02-23T03:29:20.093053+00:00,,,https://www.youtube.com/watch?v=77r6mWAUecA,77r6mWAUecA,3,short-arming:auto:100 | throwing-mechanics:curated:1 | inaccurate-throws:curated:1,Short-arming | Poor throwing mechanics | Inaccurate throws,short-arming | throwing-mechanics | inaccurate-throws
e9b7c3c8-ce7b-44d9-9311-cacf9354400d,How to Throw a Baseball — Complete Beginner Mechanics,6-12,"Important: we do NOT do the scarecrow — arms out wide to the side before throwing. Instead: ball comes out of your glove going DOWN near your hip, then swings UP as your arm comes through. Elbow stays at shoulder height. Step toward your target. Throw and finish with your hand near your opposite hip.",Dan Blewett,scarecrow arm action | throwing across body | no hip engagement | short follow-through | gripping ball in palm,both,2026-02-23T04:46:32.289399+00:00,,Dan Blewett's foundational throwing mechanics guide covers every step from grip to follow-through with slow-motion demonstrations. Critically debunks the scarecrow arm position commonly taught to young players and replaces it with the correct compact arm path.,Beginner,,Baseball | glove,,2-3x/week,Both,12,4-seam grip | footwork | glove arm extension | arm path | hip rotation | follow-through,6,throwing,2,2 sets of 10 throws,true,,,Throwing,,Medium,approved,"No ""scarecrow"" — the ball comes up out of the glove in a smooth arm circle.",,https://img.youtube.com/vi/4NOo7JSK6eA/hqdefault.jpg,2026-02-23T04:46:32.289399+00:00,,,https://www.youtube.com/watch?v=4NOo7JSK6eA,4NOo7JSK6eA,4,no-hip-lead:auto:100 | no-follow-through-throw:auto:100 | inaccurate-throws:auto:100 | throwing-mechanics:curated:2,No hip lead / separation | No follow-through (throwing) | Inaccurate throws | Poor throwing mechanics,no-hip-lead | no-follow-through-throw | inaccurate-throws | throwing-mechanics
1a1767cc-35ca-47f3-ad7d-5a920add6597,How to Throw the RIGHT WAY,6-12,Cue: glove-side target; separate on time; smooth arm circle; good follow-through.,Coach Lou Colon,Arm pain / poor mechanics,both,2026-02-23T03:28:42.651266+00:00,,Coach Lou Colon breaks down proper throwing mechanics to prevent arm pain and maximize velocity.,Intermediate,,baseballs,,2x/week,Indoor/Outdoor,12,throwing | mechanics | arm care,6,Throwing,3,2 sets of 12 throws,true,Warm up first; keep throws age-appropriate; stop if pain.,throwing,Throwing,,Medium,approved,"Throws with a clean arm circle and finishes over the front side, no arm pain.",throwing | mechanics | arm care | fundamentals,https://img.youtube.com/vi/Hk9-ofX19Ig/hqdefault.jpg,2026-02-23T03:28:42.651266+00:00,,,https://www.youtube.com/watch?v=Hk9-ofX19Ig,Hk9-ofX19Ig,1,throwing-mechanics:curated:3,Poor throwing mechanics,throwing-mechanics
0200c065-9f6f-4a76-bd9a-22e46141a6ce,The Ankle Eye Drill — Footwork Foundation,6-10,"After you catch the ball, look at the inside bump of your back foot — your ankle eye. Point it at your target. Then step toward your target with your front foot. Those two things automatically line up your shoulders for an accurate throw. Ankle eye, step, throw. Say it every time!",YouGotMOJO,not stepping toward target | throwing sideways | no pivot | poor body alignment,both,2026-02-23T04:46:32.289399+00:00,,"Teaches the ankle eye concept from MOJO's Dan Keller — the inner ankle bump of the throwing-side foot should face the target after fielding. Step with the front foot toward the target and shoulders automatically align. A simple, memorable cue that immediately fixes the most common footwork flaw in youth players.",Beginner,,Baseball | glove,,2-3x/week,Both,10,throwing footwork | pivot step | step-toward-target | body alignment,6,throwing,2,2 sets of 10 throws,true,,,Throwing,,Small,approved,"Points the back-foot ""ankle eye"" and lands stepping right at the target.",,https://img.youtube.com/vi/YRAjMC5F4sg/hqdefault.jpg,2026-02-23T04:46:32.289399+00:00,,,https://www.youtube.com/watch?v=YRAjMC5F4sg,YRAjMC5F4sg,2,low-arm-slot:auto:100 | inaccurate-throws:curated:2,Low arm slot / sidearm | Inaccurate throws,low-arm-slot | inaccurate-throws
f0c8b459-6bb1-499b-8fae-3969e7917846,3 Simple Fielding Drills for Youth Players,6-12,"Get your butt down low. Watch the ball all the way into your glove. Use two hands — glove hand catches, throwing hand covers. Field the ball out in front of you, not between your feet.",Ultimate Baseball Training,fear of the ball | poor fielding position | standing too upright | not getting in front of the ball,both,2026-02-23T03:29:20.093053+00:00,,"Coach Justin demonstrates 3 simple, beginner-friendly fielding drills for youth players focusing on proper fielding stance, getting low, and cleanly receiving ground balls with correct hand position.",Beginner,,Baseballs | Gloves | Flat ground area,,2-3x/week,Both,12,glove work | fielding position | ground ball approach | transfer,6,fielding,1,15 ground balls,true,,,Fielding (Infield),,Small,approved,"Fields with butt down, glove out front, and watches it into the glove.",,https://img.youtube.com/vi/EZtJ9JNPE2k/hqdefault.jpg,2026-02-23T03:29:20.093053+00:00,,,https://www.youtube.com/watch?v=EZtJ9JNPE2k,EZtJ9JNPE2k,2,fielding-flat-footed:curated:1 | fear-of-ball:curated:3,Fields flat-footed / not in front | Fear of the ball / turns away,fielding-flat-footed | fear-of-ball
781605ce-10f5-400c-b7e2-6243915b5da2,Four Cones Ground Ball Drill,6-12,"Use the cones as your guide — shuffle your feet to get in front of the ball. Stay low with your glove on the ground. Move through the ball, don't stop and wait for it. Your feet do most of the work!",Little League,poor footwork | not getting in front of the ball | fielding flat-footed | poor approach angles,both,2026-02-23T03:29:20.093053+00:00,,Official Little League video demonstrating a four-cone drill progression for fielding ground balls. Cones create a structured pathway that teaches players proper approach angles and footwork patterns when fielding.,Beginner,,Baseballs | Gloves | 4 cones,,2x/week,Both,12,footwork | fielding position | lateral movement | approach angle,6,fielding,2,2 sets of 10 ground balls,true,,,Fielding (Infield),,Small,approved,Shuffles to get in front of the ball and fields through it moving forward.,,https://img.youtube.com/vi/fSTmvPm_77I/hqdefault.jpg,2026-02-23T03:29:20.093053+00:00,,,https://www.youtube.com/watch?v=fSTmvPm_77I,fSTmvPm_77I,2,poor-fielding-footwork:auto:100 | fielding-flat-footed:curated:2,Poor fielding footwork / approach | Fields flat-footed / not in front,poor-fielding-footwork | fielding-flat-footed
5c529012-7999-489d-90cb-4ccbeab94846,How to Get a T-Baller to Catch a Ball,6-8,"Cue: thumbs together above waist, pinkies together below; 'give' with hands.",Coach Ballgame,Fear of ball / low confidence,both,2026-02-23T03:28:42.651266+00:00,,Coach Ballgame breaks down fundamental steps to teaching young athletes how to catch with confidence.,Beginner,,,,"daily, 5 min",Indoor/Outdoor,8,catching | beginner | t-ball,6,Catching,1,2 sets of 10 catches (soft/tennis ball),true,,catching,Catching,,Small,approved,Keeps eyes on the ball and catches with two hands without flinching.,catching | beginner | t-ball | fundamentals,https://img.youtube.com/vi/5Tq5EwiESHA/hqdefault.jpg,2026-02-23T03:28:42.651266+00:00,,,https://www.youtube.com/shorts/5Tq5EwiESHA,5Tq5EwiESHA,2,plate-confidence:auto:100 | fear-of-ball:curated:1,Low confidence / fear at the plate | Fear of the ball / turns away,plate-confidence | fear-of-ball
09b8ebeb-a43d-40db-b1ae-eaa44e48f82c,EASY Baseball Catch Drill — First Catch Fundamentals,6-9,"Here is the glove rule: ball above your belly button — fingers UP. Ball below your belly button — fingers DOWN. And ALWAYS use two hands! Catch with your glove, then cover it with your throwing hand right away. Two hands protects the ball and gets you ready to throw faster.",Bay Island Baseball,one-hand catching | stabbing at ball | wrong glove orientation | no two-hand catch | fear of ball,both,2026-02-23T04:46:32.289399+00:00,,"Bay Island Baseball's beginner catch drill breaks down the two most important catch fundamentals: fingers UP for balls above the waist, fingers DOWN for balls below. Also enforces two-hand catching at all times. Endorsed by WYAA as a go-to resource for new players.",Beginner,,Baseballs | gloves | soft training balls for first-timers,,2-3x/week,Both,9,catching fundamentals | two-hand catch | glove position (fingers up vs. down) | soft hands | ready position,6,throwing,2,2 sets of 10 catches,true,,,Throwing,,Small,approved,"Uses ""fingers up"" above the waist, ""fingers down"" below — catches cleanly.",,https://img.youtube.com/vi/pPx0lH8Kd3Y/hqdefault.jpg,2026-02-23T04:46:32.289399+00:00,,,https://www.youtube.com/watch?v=pPx0lH8Kd3Y,pPx0lH8Kd3Y,3,one-hand-catching:auto:100 | poor-fielding-footwork:auto:100 | fear-of-ball:curated:2,One-handed / stabs at the ball | Poor fielding footwork / approach | Fear of the ball / turns away,one-hand-catching | poor-fielding-footwork | fear-of-ball
a54d536f-e4f0-4dd5-91d2-d007bd274250,Balance Point Drill — Leg Lift & Pause,6-12,Lift your knee up to your belt buckle and STOP. Hold for 2 seconds. Can you hold it without wobbling? Your front foot should hang straight down — not tucked behind your knee. Your eyes stay on the target the entire time. A pitcher who can't balance on one leg can't throw strikes consistently.,YouGotMOJO,poor balance on one leg | falling off the mound | rushing through balance point | tucked front foot,both,2026-02-23T03:51:02.966737+00:00,,"Pitchers lift their front leg to their balance point (knee to belt buckle) and hold for 2-3 seconds. The pause isolates balance and forces pitchers to find a stable, repeatable balance position — the foundation of a consistent, accurate delivery. From MOJO Sports' 9 Best Pitching Drills for Kids.",Beginner,,Baseball | glove | mound or flat ground,,every pitching day,Both,12,balance | leg lift height | posture at balance point | single-leg stability,6,pitching,1,"5-8 reps, hold 2-3 sec each",false,,,Pitching,,Small,approved,Holds the leg lift balanced for 2 seconds without wobbling or falling forward.,,https://img.youtube.com/vi/ImeXGqKYP7Y/hqdefault.jpg,2026-02-23T03:51:02.966737+00:00,,,https://www.youtube.com/watch?v=ImeXGqKYP7Y,ImeXGqKYP7Y,2,balance-leg-lift:auto:100 | rushing-delivery:curated:1,Poor balance at leg lift / falls off | Rushing the delivery,balance-leg-lift | rushing-delivery
253fee8d-d86f-497b-83db-44e622fb0a2d,4-Part Windup Drill — Breaking Down the Delivery,7-12,"Stop at each checkpoint: (1) Set position — are you balanced? (2) Balance point — knee up, foot loose? (3) Arm up, stride toward home? (4) Release out front and follow through? Master each stop before putting them together at full speed. Every great pitcher can do this slowly before doing it fast.",ARM Pitching Development,rushing | skipping phases of delivery | inconsistent mechanics | no feel for individual positions,both,2026-02-23T03:51:02.966737+00:00,,"The complete pitching motion is broken into 4 distinct parts: (1) Starting position, (2) Balance point/leg lift, (3) Stride and arm separation, (4) Release and follow-through. Pitchers perform each part in slow motion, stopping to check each position before moving to the next.",Beginner,,Baseball | glove | mound or flat ground,,2-3x/week,Both,12,windup sequencing | delivery rhythm | position checkpoints | complete motion,7,pitching,2,"8-10 reps, stop at each checkpoint",false,,,Pitching,,Small,approved,Stops balanced at each checkpoint instead of rushing through the motion.,,https://img.youtube.com/vi/McHb2hXrTrE/hqdefault.jpg,2026-02-23T03:51:02.966737+00:00,,,https://www.youtube.com/watch?v=McHb2hXrTrE,McHb2hXrTrE,1,rushing-delivery:curated:2,Rushing the delivery,rushing-delivery
cf56cda8-d397-4ed7-873b-560b78d6473e,The Swing Shuffle Drill — Momentum & Rhythm,8-12,"Shuffle toward home plate to build momentum — then deliver the pitch. Feel the difference in how hard you can throw with momentum versus from a dead stop! Your lower body creates energy, your arm delivers it. A good pitcher's power starts in the ground and travels up through the whole body.",Dan Blewett,static delivery | no momentum | poor weight transfer | pitching from a standstill,both,2026-02-23T03:51:02.966737+00:00,,"The Swing Shuffle is a rhythm-based pitching drill where players build momentum through a lateral shuffle step before delivering. Creates fluid, athletic pitching mechanics and teaches pitchers how to transfer energy from the lower body up through the throwing arm — the same concept as a crow hop but applied to pitching.",Intermediate,,Baseball | glove | flat ground | target or catcher,,2x/week,Both,12,momentum | rhythm | linear drive | weight transfer into throw,8,pitching,3,8-10 reps,true,,,Pitching,,Medium,approved,Builds momentum smoothly and stays on time — not rushed or out of sync.,,https://img.youtube.com/vi/4NOo7JSK6eA/hqdefault.jpg,2026-02-23T03:51:02.966737+00:00,,,https://www.youtube.com/watch?v=4NOo7JSK6eA,4NOo7JSK6eA,2,weak-throws:auto:100 | rushing-delivery:curated:3,Weak throws / arm strength | Rushing the delivery,weak-throws | rushing-delivery
5afa81e5-ec55-4066-b62f-1b535884060b,"Advanced First Base — Off-Line Throws, Picks & Short Hops",11-14,"Feed short hops on purpose — start with announced hops, progress to random. Cue 'soft glove through the hop, not at it.' Add baserunner pressure last: a runner sprinting the line forces real stretch timing.",IMG Academy,can't pick throws at first | poor scoops at first | misses off-line throws at first,both,2026-08-04T15:36:04.815116+00:00,,"Academy-level footwork around the bag: shifting for throws to either side, timing the stretch, and picking short hops — the stretch goal for travel-level first basemen.",Advanced,,base | baseballs | fungo or partner,,2x/week,Outdoor,14,short-hop picks | lateral shifts | stretch timing,11,First-base footwork,4,"3 sets of 8 picks (announced, random, with runner)",true,Short-hop volume is hard on the glove hand — use tennis balls or soft baseballs for high-rep sessions.,Receiving throws,Fielding (Infield),ai_expansion_008,Medium,approved,Picks 6+ of 8 random short hops cleanly | Chooses stretch vs. leave-the-bag correctly on wild throws | Footwork holds up with a live runner,first base | picks | short hops | advanced,https://img.youtube.com/vi/QR2QWQTHp-s/hqdefault.jpg,2026-08-04T15:36:04.815116+00:00,2026-08-06T18:39:22.410256+00:00,,https://www.youtube.com/watch?v=QR2QWQTHp-s,QR2QWQTHp-s,1,first-base-footwork:curated:3,Fumbles footwork around first base,first-base-footwork
2f5901d2-ed57-4f6b-9dcc-6d1dc6110ef9,Daily Backhand Series,12-14,"Run as a daily 10-minute series from knees to full speed. Cue 'thumb down, see the ball into the glove, work through it.' The right foot plants outside the ball on a true backhand — check plant position every rep.",YouGoProBaseball,poor footwork | poor approach angles | leaving holes between legs,both,2026-08-04T15:36:04.815116+00:00,,"Five daily backhand drills training glove angle, footwork, and body position on balls to the glove-side and backhand side — the range and glove control travel-ball infielders need.",Advanced,,glove | baseballs | cones,,4-5x/week (short daily sessions),Indoor/Outdoor,14,glove angle | backhand footwork | fielding through the ball,12,Backhand fielding,4,5 drills x 6 reps daily,false,,Range,Fielding (Infield),ai_expansion_008,Small,approved,Fields backhands with the glove out front — not beside the body | Plant foot consistently outside the ball | Converts backhand to throw without extra steps,infield | backhand | glove work | advanced,https://img.youtube.com/vi/IEk4QipiFTY/hqdefault.jpg,2026-08-04T15:36:04.815116+00:00,2026-08-06T18:39:22.410256+00:00,,https://www.youtube.com/watch?v=IEk4QipiFTY,IEk4QipiFTY,1,poor-fielding-footwork:auto:90,Poor fielding footwork / approach,poor-fielding-footwork
84ce5709-6afa-44ad-8a73-2e7c8320dd99,Opposite-Field Teaching Progression,9-13,"Start on the tee set deep in the zone. Cue 'let it get to your back hip, hit the inside half.' Progress through the five methods as each sticks. Success is direction, not distance — a firm ground ball the other way counts.",Dominate The Diamond,can't go opposite field | pull happy | no situational hitting,both,2026-08-04T15:36:04.815116+00:00,,Five coach-friendly methods for teaching hitters to drive the ball the other way — the foundation for hitting behind runners and executing situational at-bats.,Beginner,,bat | tee | balls,,2x/week,Indoor/Outdoor,13,letting the ball travel | inside path | contact depth,9,Situational hitting,2,"3 rounds of 10 swings, all must go opposite field",true,,Opposite field,Hitting,ai_expansion_008,Medium,approved,Ball flight consistently between center and the opposite-field line | Contact point is visibly deeper than the pull-side swing | Can call 'oppo' and execute on demand in BP,opposite field | oppo | situational hitting,https://img.youtube.com/vi/pn3xtpCc8uM/hqdefault.jpg,2026-08-04T15:36:04.815116+00:00,2026-08-06T18:39:22.410256+00:00,,https://www.youtube.com/watch?v=pn3xtpCc8uM,pn3xtpCc8uM,1,no-situational-hitting:curated:1,No situational hitting / can't move runners,no-situational-hitting
2d15c6de-d4a9-414a-9755-533140dd68b0,Three-Ball Slow Roller Drill,12-14,"Three balls spaced progressively closer — the fielder charges, fields, and throws each in sequence with no reset. Cue 'right foot, left foot, throw' rhythm on the run. Bare-hand only when the ball has stopped.",Championship Productions,poor approach angles | poor fielding position | poor footwork,both,2026-08-04T15:36:04.815116+00:00,,"Rapid-fire three-ball slow roller drill: charge, field on the run, and throw on the move under time pressure — the do-or-die play against fast runners.",Advanced,,baseballs | fungo or coach rolling balls,,2x/week,Outdoor,14,charge angle | field on the run | throw on the move,12,Slow rollers,4,3 circuits of 3 balls per session,true,Throwing on the run stresses the arm — full warm-up first and cap circuits for youth arms.,Throwing on the run,Fielding (Infield),ai_expansion_008,Medium,approved,Fields the ball outside the glove-side foot on the run | Throw releases within two steps of fielding | Accurate to first on all three balls of a circuit,infield | slow roller | charge | advanced,https://img.youtube.com/vi/Elzjz_qhLM4/hqdefault.jpg,2026-08-04T15:36:04.815116+00:00,2026-08-06T18:39:22.410256+00:00,,https://www.youtube.com/watch?v=Elzjz_qhLM4,Elzjz_qhLM4,1,poor-fielding-footwork:auto:91,Poor fielding footwork / approach,poor-fielding-footwork
971dccd3-bc0f-4043-9e2d-3417fc6f7361,Double-Play Feeds & Turns,12-14,"Rep feeds first (chest-high, at the bag), then turns without a runner, then with a soft slide. Cue 'give him the ball where his hands start.' Alternate 4-6-3 and 6-4-3 every round so both players learn both ends.",Antonelli Baseball,slow transfer | slow transitions from catch to throw | extra steps before throw,both,2026-08-04T15:36:04.815116+00:00,,"Double-play footwork, feeds, and pivots at second base for both middle-infield positions — game-speed exchange and turn mechanics for 12-14U middle infielders.",Advanced,,bases | baseballs | partner,,2x/week,Outdoor,14,feed accuracy | pivot footwork | quick exchange,12,Double plays,4,4 rounds of 6 turns per pairing,true,Teach bag footwork that clears the runner's path; no live hard slides in practice turns.,Transfer,Fielding (Infield),ai_expansion_008,Medium,approved,Feeds arrive chest-high at the bag every rep | Pivot man's exchange takes one step or fewer | Full turn (contact to first-base catch) under a coach-set time target,infield | double play | feeds | pivot | advanced,https://img.youtube.com/vi/F0MwVYtimb8/hqdefault.jpg,2026-08-04T15:36:04.815116+00:00,2026-08-06T18:39:22.410256+00:00,,https://www.youtube.com/watch?v=F0MwVYtimb8,F0MwVYtimb8,1,slow-transfer:auto:90,Slow transfer / exchange,slow-transfer
0dba3ce4-0df5-4905-b95b-09705a5595d5,Call It Early — Outfield Communication Basics,7-11,"Toss high flies between two fielders. Rule: the call must come before the ball's peak, three times loud. The other player answers 'take it, take it' and peels away. Start with soft balls so nobody fears the collision.",DICK'S Sporting Goods,doesn't call the ball | nobody calls it | two players let it drop,both,2026-08-04T15:36:04.815116+00:00,,"Introduces calling the ball — loud, early 'mine, mine, mine' between outfielders — with a simple drill format that builds the habit and prevents collisions.",Beginner,,baseballs or soft balls | gloves,,Weekly,Outdoor,11,early loud calls | yielding when called off | tracking together,7,Communication,1,10-12 fly balls per pair,true,,Tracking,Fielding (Fly Balls),ai_expansion_008,Medium,approved,Call comes before the ball peaks | Non-catching player audibly yields and peels off | Zero silent drops between fielders in scrimmages,outfield | communication | call the ball,https://img.youtube.com/vi/x5oEDLlVpqo/hqdefault.jpg,2026-08-04T15:36:04.815116+00:00,2026-08-06T18:39:22.410256+00:00,,https://www.youtube.com/watch?v=x5oEDLlVpqo,x5oEDLlVpqo,1,outfield-communication:curated:1,No call / collides on fly balls,outfield-communication
7ae1f28a-6e16-4163-b481-1b89226397eb,Infield/Outfield Priority Drill,9-13,"Hit tweeners between the infield and outfield on purpose. Teach the rule plainly: the outfielder coming in owns any ball he can reach — infielders yield to his call. Freeze the play after each rep and ask 'whose ball, and why?'",American Baseball Coaches Association (ABCA),poor priority on fly balls | doesn't call off the infielder | collisions on fly balls,both,2026-08-04T15:36:04.815116+00:00,,"A practice-plan drill covering fly-ball priority between infielders and outfielders — who calls it, who peels off — plus ready-position habits, straight from the ABCA.",Intermediate,,baseballs | fungo,,Biweekly,Outdoor,13,priority rules | outfielder calls off infielder | ready position,9,Communication,3,8-10 tweeners per group,true,,Priority rules,Fielding (Fly Balls),ai_expansion_008,Full field,approved,Outfielder's call overrides the infielder every time | Infielder peels off without stopping in the landing zone | Tweeners get caught instead of dropping between frozen fielders,outfield | infield | priority | communication,https://img.youtube.com/vi/5q3b9m2ERho/hqdefault.jpg,2026-08-04T15:36:04.815116+00:00,2026-08-06T18:39:22.410256+00:00,,https://www.youtube.com/watch?v=5q3b9m2ERho,5q3b9m2ERho,1,outfield-communication:curated:3,No call / collides on fly balls,outfield-communication
2db609fb-e152-400c-8927-038809eb062f,Competitive Team Bunting Game,12-16,"Split the team; each hitter draws a situation card (sac to third, push past the pitcher, squeeze). Points only for executed bunts against live pitching. Losing team does field cleanup — pressure makes the reps real.",Coach Trent Mongero,can't get a bunt down | sacrifice bunt | bunting for a hit,both,2026-08-04T15:36:04.815116+00:00,,"A team-wide competitive bunting game scoring sacrifice bunts, push bunts, and bunting for a hit — pressure and accountability so bunting practice transfers to games.",Advanced,,bats | balls | bases | live pitching or machine,,Biweekly in-season,Outdoor,16,execution under pressure | bunt-type selection | situational bunting,12,Bunt execution,4,Each player: 4-6 competitive bunt attempts,true,,Pressure execution,Bunting,ai_expansion_008,Full field,approved,Executes 3 different bunt types against live pitching | Success rate climbs across sessions | Players choose the right bunt for the situation without coaching,bunting | competition | pressure | advanced,https://img.youtube.com/vi/SR8atnQMvg4/hqdefault.jpg,2026-08-04T15:36:04.815116+00:00,2026-08-06T18:39:22.410256+00:00,,https://www.youtube.com/watch?v=SR8atnQMvg4,SR8atnQMvg4,1,cant-bunt:curated:3,Can't get a bunt down,cant-bunt
daea5efc-42ce-4a83-9f07-a867dd6fbddd,Do-or-Die Charge & Throw,12-14,"Only for game-on-the-line situations — teach the distinction from the routine knee-down block. Cue 'attack, glove-side foot, crow hop through the ball.' Chart throw time and accuracy to a plate-sized target.",PowerNet,poor route efficiency | lazy routes | backpedaling on fly balls,both,2026-08-04T15:36:04.815116+00:00,,"The outfield do-or-die play: charging a ground ball hard, fielding off the glove-side foot, and releasing quickly to cut down a runner at the plate.",Advanced,,baseballs | fungo | bases or target,,1x/week,Outdoor,14,attack angle | glove-side pickup | momentum through the throw,12,Charging ground balls,4,6-8 charged balls per session,true,Max-effort throws — warm up fully and cap at 8 reps per session for youth arms.,Throwing on the run,Fielding (Fly Balls),ai_expansion_008,Full field,approved,Fielding happens off the glove-side foot at speed | Momentum continues through the throw toward the target | Throw is catchable at the plate on a line or one long hop,outfield | do or die | charge | advanced,https://img.youtube.com/vi/iUdI35veg5E/hqdefault.jpg,2026-08-04T15:36:04.815116+00:00,2026-08-06T18:39:22.410256+00:00,,https://www.youtube.com/watch?v=iUdI35veg5E,iUdI35veg5E,1,backpedaling-flyballs:auto:90,Backpedals / bad routes on fly balls,backpedaling-flyballs
769ab66e-93c9-41bb-8519-91bd3e0ab186,Oppo Tee & Toss — Stay Inside the Ball,10-14,"Tee on the outer third, slightly deep. Cue 'knob to the ball, barrel late.' Rolling over the outside pitch means the barrel released early — reset with three one-arm bottom-hand swings, then return to full swings.",Pro Speed Baseball,can't go opposite field | pull happy | doesn't hit behind the runner,both,2026-08-04T15:36:04.815116+00:00,,A repeatable tee/toss drill for staying inside the ball and driving outside pitches the other way — plugs directly into situational BP rounds.,Intermediate,,bat | tee | balls | net,,2-3x/week,Indoor/Outdoor,14,staying inside the ball | outside-pitch path | extension through contact,10,Situational hitting,3,4 sets of 8 swings on the outer-third tee,false,,Opposite field,Hitting,ai_expansion_008,Small,approved,Line drives to the opposite gap off the outer-third tee | No rolled-over contact for a full set | Same swing shows up on outside pitches in front toss,opposite field | tee work | inside the ball,https://img.youtube.com/vi/OhWNIpPlcgA/hqdefault.jpg,2026-08-04T15:36:04.815116+00:00,2026-08-06T18:39:22.410256+00:00,,https://www.youtube.com/watch?v=OhWNIpPlcgA,OhWNIpPlcgA,1,no-situational-hitting:curated:2,No situational hitting / can't move runners,no-situational-hitting
3ac709ad-ed24-436f-ae50-31c43c4261a7,Traditional Changeup — Grip & First Throws,8-12,"Start at short distance playing catch with the grip — no mound. Cue 'throw the fastball, the grip does the work.' If the ball sails, the grip is too shallow; if it dies into the dirt, too deep. Find the middle.",ARM Pitching Development,no changeup | only throws fastballs | no second pitch,both,2026-08-04T15:36:04.815116+00:00,,"Step-by-step introduction to holding and throwing a traditional changeup, built for youth hands: burying the ball deep in the palm and throwing with fastball intent.",Beginner,,baseballs | glove,,Every catch-play session for 2-3 weeks,Indoor/Outdoor,12,deep grip | fastball arm speed | release feel,8,Changeup,2,15-20 changeup throws within a normal catch session,true,The changeup is the safe first off-speed pitch for youth arms — no curveball spin. Keep total throwing volume within normal daily limits.,Pitch grips,Pitching,ai_expansion_008,Small,approved,Arm speed looks identical to the fastball from behind | Ball comes out 8-10% slower without being aimed | Comfortable enough to throw it in a bullpen without hesitation,changeup | grip | offspeed | youth pitching,https://img.youtube.com/vi/RJRjtqWjNnQ/hqdefault.jpg,2026-08-04T15:36:04.815116+00:00,2026-08-06T18:39:22.410256+00:00,,https://www.youtube.com/watch?v=RJRjtqWjNnQ,RJRjtqWjNnQ,1,no-changeup:curated:1,Doesn't have a changeup / one speed only,no-changeup
9d2b4035-6c2c-4ae2-891c-c617aee30d22,"Teaching the Changeup — Fastball Arm, Slower Ball",9-13,Film from the side: the fastball and changeup deliveries should be indistinguishable. Common fault is slowing the arm — fix it by cueing 'throw it hard' and letting the grip kill velocity. Mix 1 changeup per 3 fastballs in bullpens.,Coach Dan Blewett,no changeup | needs an offspeed pitch | one speed pitcher,both,2026-08-04T15:36:04.815116+00:00,,A pro coach's method for developing the changeup with young pitchers: grip selection for small hands and keeping arm speed identical to the fastball so the pitch actually deceives.,Intermediate,,baseballs | glove | mound (optional),,1-2 bullpens/week,Outdoor,13,arm speed maintenance | grip refinement | command to the zone,9,Changeup,3,"10-12 changeups per bullpen, mixed with fastballs",true,Introduce off-speed only after fastball mechanics are stable; changeup before any breaking ball for youth pitchers.,Pitch grips,Pitching,ai_expansion_008,Medium,approved,Side-by-side video shows matching arm speed | Changeup lands in the bottom half of the zone | Hitters in live BP are visibly out in front,changeup | arm speed | deception | youth pitching,https://img.youtube.com/vi/9CzbPIQfXmM/hqdefault.jpg,2026-08-04T15:36:04.815116+00:00,2026-08-06T18:39:22.410256+00:00,,https://www.youtube.com/watch?v=9CzbPIQfXmM,9CzbPIQfXmM,1,no-changeup:curated:2,Doesn't have a changeup / one speed only,no-changeup
023d2682-3b38-4917-9ae2-6346e30c9abf,Changeup Grip Menu — Match the Grip to the Hand,9-14,Have the pitcher test 2-3 grips over two weeks of catch play and keep whichever kills the most speed with the least effort. Small hands usually can't do a true circle — three-finger is the honest starting point. Revisit each off-season as hands grow.,ARM Pitching Development,changeup grip | no changeup | pitch grips,both,2026-08-04T15:36:04.815116+00:00,,"Walks through circle, three-finger, and other changeup grip options so pitchers can match a grip to their hand size as they grow — and refine feel and movement.",Intermediate,,baseballs | glove,,"2-3x/week for two weeks, then settle on one",Indoor/Outdoor,14,grip selection | pronation feel | movement profile,9,Changeup,3,10 throws per grip during catch play,true,Grip experiments stay within normal catch-play volume; no max-effort mound work while testing grips.,Pitch grips,Pitching,ai_expansion_008,Small,approved,Picks one grip and can describe why it fits | Consistent 8-12% speed gap off the fastball | Some arm-side fade develops as pronation improves,changeup | circle change | three finger | grips,https://img.youtube.com/vi/Ji0QzOJe3hE/hqdefault.jpg,2026-08-04T15:36:04.815116+00:00,2026-08-06T18:39:22.410256+00:00,,https://www.youtube.com/watch?v=Ji0QzOJe3hE,Ji0QzOJe3hE,1,no-changeup:curated:3,Doesn't have a changeup / one speed only,no-changeup
feb4908a-bcde-4744-9a56-010c49b01072,The Catch Drill — Track & Read Pitches,10-14,"Hitter stands in the box wearing a helmet with a glove and catches the pitch, calling 'fastball' or 'change' as early as possible. Score correct early calls. Rotate hitters standing in during bullpens for free reps.",Coach Dan Blewett,poor pitch recognition | can't recognize spin | fooled by slow pitches,both,2026-08-04T15:36:04.815116+00:00,,"Hitters catch pitches instead of swinging, training the eyes to read pitch type and location out of the hand — recognition and discipline without swing pressure.",Intermediate,,glove | helmet | live or machine pitching,,2x/week (piggyback on bullpens),Indoor/Outdoor,14,reading out of the hand | early recognition | strike zone judgment,10,Pitch recognition,3,"2 rounds of 10 pitches, calls scored",true,Helmet required when standing in the box; start with reduced-speed pitching for younger hitters.,Tracking,Hitting,ai_expansion_008,Medium,approved,Calls pitch type before the ball is halfway home | Correctly takes balls and 'catches strikes' by location call | Carries calmer takes into live at-bats,pitch recognition | tracking | vision | hitting,https://img.youtube.com/vi/0Phvj-iyLcc/hqdefault.jpg,2026-08-04T15:36:04.815116+00:00,2026-08-06T18:39:22.410256+00:00,,https://www.youtube.com/watch?v=0Phvj-iyLcc,0Phvj-iyLcc,1,cant-hit-offspeed:curated:1,Fooled by off-speed / poor pitch recognition,cant-hit-offspeed
6c655fff-6181-4b7b-b22b-e1401e2e1f27,Stay Back — Beat the Changeup,11-15,"Front toss with random speed changes: the feeder varies fast/slow without telling. Cue 'stride to hit the fastball, keep the hands back for the change.' The stride lands on time — the hands wait.",Ultimate Baseball Training,out in front of offspeed | off balance against slow stuff | way out in front,both,2026-08-04T15:36:04.815116+00:00,,"What 'staying back' actually means, with drills to keep weight and hands loaded so hitters aren't fooled out front by off-speed pitches.",Intermediate,,bat | tee | balls | front-toss screen,,2x/week,Indoor/Outdoor,15,weight control | hands loaded | adjustable stride,11,Off-speed hitting,3,3 rounds of 12 mixed-speed swings,true,,Balance,Hitting,ai_expansion_008,Medium,approved,Head and weight stay behind the front hip on slow pitches | Hard contact on both speeds within the same round | No double-stride or lunge when fooled,stay back | offspeed | balance | timing,https://img.youtube.com/vi/8_6Ea45fL5s/hqdefault.jpg,2026-08-04T15:36:04.815116+00:00,2026-08-06T18:39:22.410256+00:00,,https://www.youtube.com/watch?v=8_6Ea45fL5s,8_6Ea45fL5s,1,cant-hit-offspeed:curated:2,Fooled by off-speed / poor pitch recognition,cant-hit-offspeed
aeae3e6a-487e-4f74-874d-edfeb83d3446,The Move-'Em At-Bat — Advancing Runners,12-16,"Run situational BP: runner at second, nobody out, hitter must move him. Only pitches middle-away get swings — pulling a ball on the ground to short is a failed rep even if it's a 'hit.' Score execution, not outcomes.",Catalyst Sports,can't move runners | doesn't advance runners | no approach with runners on,both,2026-08-04T15:36:04.815116+00:00,,"The 'move 'em' at-bat — advancing a runner from second with nobody out — broken down with College World Series examples: approach, pitch zones, and execution under pressure.",Advanced,,bat | balls | bases | live or machine pitching,,Weekly in-season,Outdoor,16,zone selection | right-side contact | situational discipline,12,Situational hitting,4,2 situational rounds of 6 at-bat scenarios per session,true,,Approach,Hitting,ai_expansion_008,Full field,approved,"Runner reaches third on 4+ of 6 execution reps | Hitter can state the plan before stepping in | Takes the inside pitch he can't execute with, without frustration",situational hitting | moving runners | approach | advanced,https://img.youtube.com/vi/_yEr3pFHQUA/hqdefault.jpg,2026-08-04T15:36:04.815116+00:00,2026-08-06T18:39:22.410256+00:00,,https://www.youtube.com/watch?v=_yEr3pFHQUA,_yEr3pFHQUA,1,no-situational-hitting:curated:3,No situational hitting / can't move runners,no-situational-hitting
40b34435-fd5f-4263-ae2f-b53083ce4531,Overload/Underload Bat Speed Progression,11-14,Order matters: heavy (feel sequence) → light (move fast) → game bat (transfer). Full intent on every swing — lazy overload swings teach slow. Measure with a swing sensor or simple phone video if no sensor.,Hitting Done Right - HDR,slow bat | slow bat speed | late on fast pitching,both,2026-08-04T15:36:04.815116+00:00,,Overload/underload training with weighted and light bats to raise bat speed in youth hitters — how to sequence heavy-light swings safely for developing players.,Advanced,,standard bat | heavier training bat | lighter training bat | tee | balls,,2x/week with rest days between,Indoor/Outdoor,14,intent to swing fast | sequencing under load | barrel speed,11,Bat speed,4,3 rounds: 5 heavy + 5 light + 5 game-bat swings,false,Keep overload bats within ~20% of game bat weight for youth; stop if wrist or elbow soreness appears.,Sequencing,Hitting,ai_expansion_008,Small,approved,Game-bat swing speed measurably up over 4-6 weeks | Swing sequence stays intact under the heavy bat | No grip/wrist soreness — load is age-appropriate,bat speed | overload | underload | advanced,https://img.youtube.com/vi/Oz1oGdb0n-8/hqdefault.jpg,2026-08-04T15:36:04.815116+00:00,2026-08-06T18:39:22.410256+00:00,,https://www.youtube.com/watch?v=Oz1oGdb0n-8,Oz1oGdb0n-8,1,late-timing:auto:90,Late / poor timing,late-timing
cf43c787-c5f1-4188-9aff-e574b2b08c0a,Deaden & Direct — Bunt Placement Drill,10-14,"Lay towels or cone lanes down each line. Feeder calls 'first side' or 'third side' mid-toss. Cue 'catch it with the barrel' — soft top hand gives with contact. Chase the ball angle with the knob, not the barrel.",Baseball By The Yard,can't place bunts | pops up bunts | can't get a bunt down,both,2026-08-04T15:36:04.815116+00:00,,A simple high-rep bunting drill that trains deadening the ball and placing bunts toward first or third on command — precision beyond basic technique.,Intermediate,,bat | balls | cones or towels as targets,,Weekly,Indoor/Outdoor,14,deadening the ball | bat angle steering | top-hand give,10,Bunt placement,3,"3 rounds of 10 bunts, alternating target lanes",true,,Bat control,Bunting,ai_expansion_008,Small,approved,7+ of 10 bunts stop inside the called lane | Ball dies within 15 feet of the plate | Bat starts at the top of the zone — anything above it is taken,bunting | placement | deaden,https://img.youtube.com/vi/pIx9tM4NKrU/hqdefault.jpg,2026-08-04T15:36:04.815116+00:00,2026-08-06T18:39:22.410256+00:00,,https://www.youtube.com/watch?v=pIx9tM4NKrU,pIx9tM4NKrU,1,cant-bunt:curated:2,Can't get a bunt down,cant-bunt
b67499b8-314b-415f-a789-c0b90f1f9a3f,Post-Throwing Recovery Routine,10-14,"The routine happens within 15 minutes of the last pitch, every outing — consistency is the entire point. Keep everything light and rhythmic; recovery work should feel easier than warm-up work. Log soreness the next day to show players it works.",ARM Pitching Development,sore arm after pitching | no recovery routine | dead arm,both,2026-08-04T15:36:04.815116+00:00,,Eight exercises pitchers should do after bullpens or game outings to flush the arm and protect the rotator cuff — a consistent recovery habit between outings.,Intermediate,,light bands | open space,,"After every bullpen, start, or heavy throwing day",Indoor/Outdoor,14,blood flow | range of motion | downregulation,10,Recovery,3,1 round of 8 exercises immediately after throwing,false,"Recovery work is light by design — no heavy resistance after throwing. Persistent sharp pain after outings is a see-a-doctor sign, not a push-through sign.",Injury prevention,Arm Care,ai_expansion_008,Small,approved,Next-day soreness noticeably reduced in the player's log | Routine completed unprompted after outings | Full pain-free range of motion maintained through the season,arm care | recovery | post throwing | pitchers,https://img.youtube.com/vi/EunHAooYktE/hqdefault.jpg,2026-08-04T15:36:04.815116+00:00,2026-08-06T18:39:22.410256+00:00,,https://www.youtube.com/watch?v=EunHAooYktE,EunHAooYktE,1,arm-fatigue:curated:3,Arm fatigue / no arm-care routine,arm-fatigue
e7bd95b6-d491-49e2-a383-7fc381e7b0ce,Youth Receiving Foundations — Quiet Glove & Soft Hands,8-12,"Start bare-glove with tennis balls from short distance. Cue 'catch the ball moving toward the zone, not away.' Watch for the elbow locking out — a slightly bent elbow keeps hands soft.",Catching Made Simple (Coach Bougie),stabbing at pitches | hard hands behind the plate | poor receiving,both,2026-08-04T15:36:04.815116+00:00,,"First receiving progression for young catchers: glove presentation, soft hands, and catching the ball with slight momentum toward the strike zone. Fixes stabbing and hard hands behind the plate.",Beginner,,catcher's mitt | tennis balls or soft baseballs | catcher's gear,,2-3x/week,Indoor/Outdoor,12,glove presentation | soft hands | glove path,8,Receiving,2,"3 rounds of 10 catches (glove-side, middle, arm-side)",true,Use tennis balls or soft training balls for bare-hand/receiving-only work; full gear whenever catching live throws.,Framing,Catching,ai_expansion_008,Small,approved,"Glove is quiet after the catch instead of drifting | Catches low pitches without turning the glove over | Ball stops moving toward the zone edge, not out of it",catcher | receiving | framing | soft hands,https://img.youtube.com/vi/JDRg2nvAwqU/hqdefault.jpg,2026-08-04T15:36:04.815116+00:00,2026-08-06T18:39:22.410256+00:00,,https://www.youtube.com/watch?v=JDRg2nvAwqU,JDRg2nvAwqU,1,catcher-receiving:curated:2,Stabs / pulls pitches out of the zone (receiving & framing),catcher-receiving
5f398d5c-6377-4119-b5b7-99b81f4b8028,MLB-Style Receiving & Framing Circuit,9-14,Run as a 5-station circuit. Cue 'beat it to the spot' — glove arrives where the pitch will be before the ball does. Freeze each catch for a one-count to build the stick habit.,YouGoProBaseball,carrying pitches out of the zone | loses strikes for the pitcher | poor framing,both,2026-08-04T15:36:04.815116+00:00,,"Five MLB-style receiving drills scalable to any age: beating the ball to the spot, sticking pitches, and working the edges of the zone. The middle step once basic soft hands are in place.",Intermediate,,catcher's mitt | baseballs | catcher's gear,,2x/week,Indoor/Outdoor,14,beat the ball to the spot | sticking pitches | working zone edges,9,Receiving,3,5 drills x 8-10 receives each,true,,Framing,Catching,ai_expansion_008,Small,approved,Borderline pitches are caught and held in the zone | Glove beats the ball to the spot on edges | Umpire-view video shows the ball 'stuck' rather than dragged,catcher | receiving | framing | strike zone,https://img.youtube.com/vi/Z1erh6UVR_w/hqdefault.jpg,2026-08-04T15:36:04.815116+00:00,2026-08-06T18:39:22.410256+00:00,,https://www.youtube.com/watch?v=Z1erh6UVR_w,Z1erh6UVR_w,1,catcher-receiving:curated:3,Stabs / pulls pitches out of the zone (receiving & framing),catcher-receiving
fe58cb41-277b-4757-bd46-dc78206d4d45,3 Simple Framing Drills for Catchers,9-12,"Catch the ball and STICK it — don't move your glove after catching. On outside pitches, thumb goes down. On inside pitches, turn your mitt slightly in. Make every pitch LOOK like a strike. Start barehand with a rolled-up sock to learn the feel.",YouGoProBaseball,stabbing at the ball | excessive glove movement | poor glove angle | pulling pitches out of the zone,both,2026-02-23T03:29:20.093053+00:00,,"YouGoProBaseball presents three progressive framing drills teaching catchers to receive pitches with quiet, soft hands while subtly presenting borderline pitches as strikes. Covers proper wrist positioning for inside, outside, high, and low pitches.",Intermediate,,Catcher's mitt | Baseballs | Home plate,,2-3x/week,Both,12,framing | quiet hands | glove presentation | wrist turns | body centering,9,catching,,3 sets of 10 receptions,true,,,Catching,,Small,approved,"Catches and sticks the pitch quietly with no glove drift, stealing the edges of the zone.",,https://img.youtube.com/vi/Kwo1k2i-tSE/hqdefault.jpg,2026-02-23T03:29:20.093053+00:00,,,https://www.youtube.com/watch?v=Kwo1k2i-tSE,Kwo1k2i-tSE,3,one-hand-catching:auto:100 | poor-fielding-footwork:auto:100 | catcher-receiving:curated:1,One-handed / stabs at the ball | Poor fielding footwork / approach | Stabs / pulls pitches out of the zone (receiving & framing),one-hand-catching | poor-fielding-footwork | catcher-receiving
0c9a28d6-8fcf-4000-82fa-a1216ed45916,Flyball Communication Drill,9-12,Cue: first step back; get under ball; use two hands; call it early.,Dominate The Diamond,Poor communication,both,2026-02-23T03:28:42.651266+00:00,,Team drill teaching proper communication on fly balls between outfielders.,Intermediate,,glove | balls,,1-2x/week,Outdoor,12,fly balls | communication | outfield,9,Fielding (Fly Balls),3,2 sets of 8 fly balls between two outfielders,true,Clear communication; watch for collisions.,fly balls,Fielding (Fly Balls),,Outfield/large,approved,"One player calls it early and loud, the other peels off - no collisions, nothing drops between them.",fly balls | communication | outfield | team drill,https://img.youtube.com/vi/7CbADt5veC0/hqdefault.jpg,2026-02-23T03:28:42.651266+00:00,,,https://www.youtube.com/watch?v=7CbADt5veC0,7CbADt5veC0,1,outfield-communication:curated:2,No call / collides on fly balls,outfield-communication
478cb186-6370-494d-b94a-47136344ccd8,One-Knee Receiving — Advanced Framing Setup,12-16,Only introduce after two-knee receiving is consistent. Check the free leg still allows a block or throw. Increase pitch speed gradually — machine work is ideal for high-rep edges.,YouGoProBaseball,carrying pitches out of the zone | poor receiving | loses strikes for the pitcher,both,2026-08-04T15:36:04.815116+00:00,,"Modern one-knee-down receiving: five drills to master framing from the stance MLB catchers use, at higher pitch speeds. For experienced catchers ready for the progression ceiling.",Advanced,,catcher's mitt | baseballs | catcher's gear | pitching machine (optional),,2x/week in-season,Indoor/Outdoor,16,one-knee setup | glove path | receiving low pitches,12,Receiving,4,"4 sets of 10 receives per setup (RH low, LH low, edges)",true,,Framing,Catching,ai_expansion_008,Small,approved,Low strike is presented without dropping the glove head | Can still block and throw from one knee | Holds the bottom-zone strike at game velocity,catcher | one knee | receiving | framing | advanced,https://img.youtube.com/vi/yJxiRn88Ms0/hqdefault.jpg,2026-08-04T15:36:04.815116+00:00,2026-08-06T18:39:22.410256+00:00,,https://www.youtube.com/watch?v=yJxiRn88Ms0,yJxiRn88Ms0,1,catcher-receiving:curated:4,Stabs / pulls pitches out of the zone (receiving & framing),catcher-receiving
ce379eeb-fa92-47f0-b41f-dd3831ebc5bc,Youth J-Band Routine — Pre-Throwing Activation,8-14,"Anchor at elbow height and keep tension light — these are activation reps, not strength maxes. Cue 'slow out, slow back' with no band snap. Make it the non-negotiable first station before any throwing.",ARM Pitching Development,arm gets tired | no arm care routine | needs j-bands,both,2026-08-04T15:36:04.815116+00:00,,Essential J-band resistance exercises for youth pitchers and throwers: warming up the shoulder and building arm strength before any throwing session.,Beginner,,J-bands or light resistance bands | fence or anchor point,,Every throwing day,Indoor/Outdoor,14,scapular activation | rotator cuff warm-up | band control,8,Shoulder activation,1,"1 round of 8-10 reps per exercise, before every throwing session",false,"Light resistance only for youth — bands should bend, not strain. Stop any exercise that causes joint pain rather than muscle warmth.",Injury prevention,Arm Care,ai_expansion_008,Small,approved,Completes the routine without form breakdown | Reports the arm feeling 'ready' before the first throw | Routine happens without being reminded,arm care | j-bands | warm up | shoulder,https://img.youtube.com/vi/yrgUzW0UK40/hqdefault.jpg,2026-08-04T15:36:04.815116+00:00,2026-08-06T18:39:22.410256+00:00,,https://www.youtube.com/watch?v=yrgUzW0UK40,yrgUzW0UK40,1,arm-fatigue:curated:1,Arm fatigue / no arm-care routine,arm-fatigue
9d95c228-0f42-487d-bfa0-164df2646c50,9-Exercise J-Band Strength Routine,10-14,"Run as a standalone mini-workout on lighter throwing days, not tacked onto a max-effort session. Cue controlled 2-second tempo each direction. Elbows stay at the set height — dropping the elbow is the giveaway fatigue sign to stop.",Northern Baseball Training,weak rotator cuff | arm fatigue | arm durability,both,2026-08-04T15:36:04.815116+00:00,,"A nine-exercise J-band routine targeting the rotator cuff and scapular muscles for throwing durability and velocity — proper band tension, tempo, and the common form mistakes.",Intermediate,,J-bands or resistance bands | anchor point,,2-3x/week on low-throw days,Indoor/Outdoor,14,rotator cuff strength | scapular control | tempo work,10,Rotator cuff strength,3,2 sets of 10 reps per exercise,false,Strength band work belongs on low-throwing days; skip it the day after a max pitch-count outing.,Injury prevention,Arm Care,ai_expansion_008,Small,approved,All 9 exercises completed with steady tempo | Band resistance can progress after 3-4 weeks | Arm bounces back faster between outings,arm care | j-bands | rotator cuff | strength,https://img.youtube.com/vi/slqo583qoAg/hqdefault.jpg,2026-08-04T15:36:04.815116+00:00,2026-08-06T18:39:22.410256+00:00,,https://www.youtube.com/watch?v=slqo583qoAg,slqo583qoAg,1,arm-fatigue:curated:2,Arm fatigue / no arm-care routine,arm-fatigue
